FrameId;ReceivingTime;Fps
0;1668476945301921004;0
1;1668476945712684889;2
2;1668476946075363345;56
3;1668476946179602452;3
4;1668476946303142208;10
5;1668476946396518560;8
6;1668476946556199349;7
7;1668476946648949427;8
8;1668476946750163773;11
9;1668476946891162510;10
10;1668476947003000356;7
11;1668476947104377726;9
12;1668476947234712654;8
13;1668476947382578843;10
14;1668476947524730857;7
15;1668476947624123164;7
16;1668476947759292702;10
17;1668476947866981412;8
18;1668476947974444223;9
19;1668476948106485757;9
20;1668476948240318954;8
21;1668476948346084114;7
22;1668476948432669212;9
23;1668476948624588711;8
24;1668476948727311644;7
25;1668476948881900212;10
26;1668476949021168395;7
27;1668476949106389673;7
28;1668476949192851619;12
29;1668476949327093742;11
30;1668476949421339401;7
31;1668476949574521135;11
32;1668476949680485162;6
33;1668476949760731264;10
34;1668476949851981618;13
35;1668476949953403369;11
36;1668476950091519757;7
37;1668476950191695975;9
38;1668476950334123601;7
39;1668476950417848241;10
40;1668476950526622796;12
41;1668476950663939485;10
42;1668476950778112745;7
43;1668476950930114757;9
44;1668476951036786818;7
45;1668476951180829158;9
46;1668476951317604676;7
47;1668476951462121596;7
48;1668476951567581507;7
49;1668476951707605589;10
50;1668476951852950212;7
51;1668476951946632298;7
52;1668476952043573687;11
53;1668476952188701516;10
54;1668476952290152021;7
55;1668476952435274958;10
56;1668476952542375658;7
57;1668476952692759747;9
58;1668476953025468789;7
59;1668476953177257299;3
60;1668476953280743920;7
61;1668476953419179980;10
62;1668476953510127708;7
63;1668476953644218485;11
64;1668476953763628275;7
65;1668476953935253866;6
66;1668476954005108494;8
67;1668476954104105663;14
68;1668476954209197850;10
69;1668476954362038055;9
70;1668476954495120589;7
71;1668476954600191336;8
72;1668476954742890838;10
73;1668476954889280350;7
74;1668476954999370631;7
75;1668476955134400237;9
76;1668476955238351758;7
77;1668476955393282221;10
78;1668476955501627427;6
79;1668476955653493194;7
80;1668476955743606584;9
81;1668476955847458262;11
82;1668476955999263854;10
83;1668476956098737938;7
84;1668476956204371477;10
85;1668476956361053681;9
86;1668476956469286635;6
87;1668476956628430427;9
88;1668476956727559233;6
89;1668476956855985333;10
90;1668476957002338695;8
91;1668476957131353599;7
92;1668476957240543756;8
93;1668476957386829907;9
94;1668476957485438089;7
95;1668476957639208186;10
96;1668476957753308753;6
97;1668476957856644006;9
98;1668476958005011067;6
99;1668476958102466360;11
100;1668476958249318164;10
101;1668476958380522716;7
102;1668476958537655608;6
103;1668476958629685589;9
104;1668476958734045388;11
105;1668476958890953217;10
106;1668476958988758206;6
107;1668476959098380801;10
108;1668476959253423997;6
109;1668476959377102522;9
110;1668476959490215640;8
111;1668476959635548509;9
112;1668476959745024211;7
113;1668476959895008725;9
114;1668476959995293967;7
115;1668476960143367222;10
116;1668476960253834123;7
117;1668476960360604299;9
118;1668476960507617055;9
119;1668476960658771734;7
120;1668476960759896253;6
121;1668476960862872274;11
122;1668476960999528339;10
123;1668476961101378792;7
124;1668476961245657390;10
125;1668476961378046258;7
126;1668476961529689862;7
127;1668476961636784344;6
128;1668476961788423003;7
129;1668476961899899582;9
130;1668476962005414281;9
131;1668476962152951053;6
132;1668476962258467368;10
133;1668476962400225976;10
134;1668476962498742587;7
135;1668476962634487627;10
136;1668476962737657837;7
137;1668476962895062963;10
138;1668476962996237176;6
139;1668476963099427927;10
140;1668476963233281641;10
141;1668476963334125059;8
142;1668476963479082959;10
143;1668476963587711035;7
144;1668476963747686629;9
145;1668476963837561135;6
146;1668476963951587075;11
147;1668476964061665722;9
148;1668476964319950679;6
149;1668476964334096908;5
150;1668476964482254135;58
151;1668476964648510862;7
152;1668476964745945275;6
153;1668476964848181624;10
154;1668476964947258090;10
155;1668476965092686946;10
156;1668476965195137835;7
157;1668476965308818265;10
158;1668476965481174017;9
159;1668476965505921838;6
160;1668476965611519667;38
161;1668476965766050726;10
162;1668476965889489659;6
163;1668476966054181647;8
164;1668476966152534529;6
165;1668476966247374521;10
166;1668476966348481302;11
167;1668476966458637085;10
168;1668476966565048289;9
169;1668476966732485062;9
170;1668476966855747676;6
171;1668476966877984814;8
172;1668476966980274227;45
173;1668476967151788833;10
174;1668476967191711928;6
175;1668476967296585001;9
176;1668476967404223888;27
177;1668476967552678016;7
178;1668476967717393091;9
179;1668476967810222924;6
180;1668476967910969382;11
181;1668476968053200721;10
182;1668476968153943660;7
183;1668476968293978625;10
184;1668476968397571596;7
185;1668476968588845636;10
186;1668476968734916695;5
187;1668476968857830887;7
188;1668476969016043891;8
189;1668476969127380162;6
190;1668476969274506001;9
191;1668476969460226822;7
192;1668476969581338267;5
193;1668476969602255923;8
194;1668476969716071942;57
195;1668476969816615655;9
196;1668476969921009435;10
197;1668476970022924689;10
198;1668476970131476126;10
199;1668476970246126326;5
200;1668476970411446774;31
201;1668476970509501416;6
202;1668476970601053305;10
203;1668476970731225767;11
204;1668476970895660087;6
205;1668476970922053223;8
206;1668476971022943730;33
207;1668476971167056707;6
208;1668476971260710512;12
209;1668476971424876129;11
210;1668476971515728190;6
211;1668476971620109569;11
212;1668476971759689294;7
213;1668476971869040997;9
214;1668476972027671469;7
215;1668476972172702331;8
216;1668476972263117607;7
217;1668476972403138583;11
218;1668476972495197954;7
219;1668476972612241292;11
220;1668476972761190609;9
221;1668476972863041940;7
222;1668476973005837598;10
223;1668476973181693254;7
224;1668476973268622036;6
225;1668476973359703092;12
226;1668476973510983377;11
227;1668476973613751603;7
228;1668476973704926324;9
229;1668476973806347655;12
230;1668476973931812673;8
231;1668476974033681575;10
232;1668476974184378863;7
233;1668476974345273899;9
234;1668476974385178138;6
235;1668476974533597441;13
236;1668476974706135019;9
237;1668476974870479020;5
238;1668476974945892759;8
239;1668476975037934314;13
240;1668476975145188675;11
241;1668476975286418067;6
242;1668476975391882450;11
243;1668476975499246427;10
244;1668476975634871882;7
245;1668476975759865285;9
246;1668476975881240561;8
247;1668476975965780137;6
248;1668476976168571310;4
249;1668476976307476990;43
250;1668476976454999972;7
251;1668476976562658833;7
252;1668476976708456519;9
253;1668476976802410257;7
254;1668476976934811384;11
255;1668476977059301356;8
256;1668476977159302448;8
257;1668476977261122402;10
258;1668476977397738599;7
259;1668476977500116445;12
260;1668476977688835404;10
261;1668476977827948306;5
262;1668476977916946547;7
263;1668476978058302102;11
264;1668476978179479605;7
265;1668476978282664521;8
266;1668476978386651865;10
267;1668476978516943928;10
268;1668476978622641284;8
269;1668476978777703547;9
270;1668476978885051098;6
271;1668476979051611795;7
272;1668476979227080525;8
273;1668476979343703943;6
274;1668476979472092569;8
275;1668476979585094238;8
276;1668476979722034799;9
277;1668476979846160999;7
278;1668476979935487667;8
279;1668476980080654533;11
280;1668476980183678749;7
281;1668476980314804100;10
282;1668476980419332055;8
283;1668476980557808567;10
284;1668476980673394666;7
285;1668476980768548322;9
286;1668476980900257841;10
287;1668476981011926617;8
288;1668476981112748941;9
289;1668476981249654756;7
290;1668476981391670998;10
291;1668476981503557649;7
292;1668476981607135720;9
293;1668476981708236258;10
294;1668476981860099437;10
295;1668476981947254477;7
296;1668476982115961202;12
297;1668476982208726710;6
298;1668476982354467803;11
299;1668476982470249357;7
300;1668476982601588560;8
301;1668476982759085015;8
302;1668476982847025843;6
303;1668476982996669652;11
304;1668476983100127779;7
305;1668476983247494198;10
306;1668476983351510309;7
307;1668476983488147429;10
308;1668476983630458178;7
309;1668476983724854910;7
310;1668476983831215834;10
311;1668476983934124595;10
312;1668476984097116398;7
313;1668476984186975189;8
314;1668476984288958618;12
315;1668476984417768253;7
316;1668476984523422888;11
317;1668476984654514103;9
318;1668476984748586421;8
319;1668476984855006250;10
320;1668476984986562211;7
321;1668476985087049151;12
322;1668476985216122071;10
323;1668476985296628818;8
324;1668476985398689035;12
325;1668476985545058286;10
326;1668476985662296397;7
327;1668476985805118383;9
328;1668476985904532326;7
329;1668476986044786785;10
330;1668476986148108537;7
331;1668476986279629849;10
332;1668476986386374941;8
333;1668476986545447760;9
334;1668476986645457164;6
335;1668476986785987902;9
336;1668476986885039831;8
337;1668476987101147274;10
338;1668476987271236611;5
339;1668476987427241413;6
340;1668476987514526816;7
341;1668476987628390134;11
342;1668476987763056378;9
343;1668476987859595185;7
344;1668476988018295552;10
345;1668476988110199223;6
346;1668476988221502499;11
347;1668476988349102349;9
348;1668476988454455525;8
349;1668476988602378990;9
350;1668476988708559549;7
351;1668476988805905138;9
352;1668476988937112384;10
353;1668476989014717706;8
354;1668476989117836950;13
355;1668476989269900572;10
356;1668476989372739346;7
357;1668476989516640085;10
358;1668476989671823647;7
359;1668476989787066127;6
360;1668476989957516137;9
361;1668476990043637707;6
362;1668476990144626913;11
363;1668476990300370079;10
364;1668476990390268783;6
365;1668476990486148975;11
366;1668476990590487198;11
367;1668476990734136708;10
368;1668476990852752900;7
369;1668476991008078954;8
370;1668476991092640224;6
371;1668476991193218654;12
372;1668476991336739300;10
373;1668476991429095335;7
374;1668476991578281883;11
375;1668476991685196291;7
376;1668476991823775142;9
377;1668476991912738982;7
378;1668476992060064415;11
379;1668476992159224461;7
380;1668476992293588182;10
381;1668476992389812912;7
382;1668476992530138765;11
383;1668476992649671543;7
384;1668476992756689993;8
385;1668476992896577333;7
386;1668476993029224958;9
387;1668476993142786432;7
388;1668476993238138616;9
389;1668476993348602932;11
390;1668476993480954484;9
391;1668476993620329026;7
392;1668476993737880063;7
393;1668476993894316691;8
394;1668476993992523618;6
395;1668476994133411913;10
396;1668476994229023714;7
397;1668476994388971773;11
398;1668476994483864305;6
399;1668476994613967796;11
400;1668476994728656660;8
401;1668476994889001470;9
402;1668476995033282112;6
403;1668476995136459529;7
404;1668476995272921680;10
405;1668476995391326778;7
406;1668476995512119773;9
407;1668476995629613698;8
408;1668476995731647342;8
409;1668476995830314489;10
410;1668476995940888192;10
411;1668476996062442870;7
412;1668476996148288231;10
413;1668476996300690661;10
414;1668476996364698239;8
415;1668476996474281809;10
416;1668476996612059603;10
417;1668476996731144149;9
418;1668476996843737494;8
419;1668476997102226837;9
420;1668476997154384628;4
421;1668476997337670800;18
422;1668476997465204225;6
423;1668476997577581857;8
424;1668476997682631261;9
425;1668476997784775090;10
426;1668476997901869427;10
427;1668476998019577735;8
428;1668476998131164001;8
429;1668476998232577654;9
430;1668476998333615481;10
431;1668476998432417203;10
432;1668476998553131080;9
433;1668476998662436038;9
434;1668476998729252940;10
435;1668476998866256984;10
436;1668476998963237140;9
437;1668476999062625585;10
438;1668476999209804639;10
439;1668476999270910956;7
440;1668476999428336638;10
441;1668476999526569856;9
442;1668476999676980012;10
443;1668476999764159681;7
444;1668476999898201196;8
445;1668476999978421501;10
446;1668477000129160749;9
447;1668477000223524138;8
448;1668477000353727482;10
449;1668477000412895309;8
450;1668477000570878309;11
451;1668477000707019236;8
452;1668477000860150703;7
453;1668477001009314341;5
454;1668477001130420794;10
455;1668477001255570284;6
456;1668477001360908685;9
457;1668477001518905602;7
458;1668477001680063332;7
459;1668477001809804637;9
460;1668477001903932376;8
461;1668477002003842717;10
462;1668477002121237726;10
463;1668477002230597131;8
464;1668477002304657088;9
465;1668477002448508773;9
466;1668477002552801642;10
467;1668477002743334893;9
468;1668477002851179126;5
469;1668477002949596001;9
470;1668477003081770168;10
471;1668477003183469800;8
472;1668477003290516748;10
473;1668477003428556411;10
474;1668477003525582767;7
475;1668477003649363654;10
476;1668477003772476587;8
477;1668477003913914832;8
478;1668477004026433244;7
479;1668477004157915286;9
480;1668477004248991720;7
481;1668477004407287220;10
482;1668477004493978399;7
483;1668477004569531259;11
484;1668477004675195794;13
485;1668477004903792439;10
486;1668477004994157476;4
487;1668477005222246033;11
488;1668477005394006398;4
489;1668477005528765645;6
490;1668477005632205623;7
491;1668477005781342539;10
492;1668477005937107944;7
493;1668477006016077319;6
494;1668477006118721080;13
495;1668477006251470982;10
496;1668477006370374152;7
497;1668477006467244884;8
498;1668477006563973509;7
499;1668477006696572476;13
500;1668477006796787325;9
501;1668477006926386922;10
502;1668477007023191336;8
503;1668477007132730617;10
504;1668477007262885288;6
505;1668477007376974848;12
506;1668477007594324909;9
507;1668477007692930998;5
508;1668477007832653365;10
509;1668477008024308498;7
510;1668477008060760226;5
511;1668477008206052303;15
512;1668477008334085867;9
513;1668477008437700618;8
514;1668477008573933893;10
515;1668477008681282567;7
516;1668477008821991475;9
517;1668477008932863073;7
518;1668477009067257368;9
519;1668477009172111710;8
520;1668477009313929898;9
521;1668477009467062001;7
522;1668477009558703506;6
523;1668477009664238424;11
524;1668477009823549049;10
525;1668477009919831653;6
526;1668477010029618020;10
527;1668477010170133408;7
528;1668477010268438251;9
529;1668477010421382421;7
530;1668477010528790219;10
531;1668477010632390027;9
532;1668477010768769347;10
533;1668477010923818338;7
534;1668477011010069443;7
535;1668477011187853701;11
536;1668477011258054184;6
537;1668477011369044256;14
538;1668477011515125828;7
539;1668477011666187440;9
540;1668477011796592632;7
541;1668477011898660081;7
542;1668477012057001224;10
543;1668477012164863724;6
544;1668477012303670060;9
545;1668477012396502359;7
546;1668477012535219963;11
547;1668477012619513727;7
548;1668477012780015602;13
549;1668477012867151694;6
550;1668477012966209919;11
551;1668477013114274765;10
552;1668477013198659092;7
553;1668477013354339907;12
554;1668477013461564100;6
555;1668477013602518202;9
556;1668477013684950334;7
557;1668477013790584579;12
558;1668477013939572656;6
559;1668477014041784424;11
560;1668477014144020098;10
561;1668477014290264855;9
562;1668477014389795873;7
563;1668477014494148380;10
564;1668477014664314905;7
565;1668477014734432518;8
566;1668477014828057027;14
567;1668477014926337490;11
568;1668477015080171045;10
569;1668477015217106308;7
570;1668477015320428050;7
571;1668477015486062766;9
572;1668477015633588691;6
573;1668477015735935833;7
574;1668477016020756963;10
575;1668477016175827258;4
576;1668477016277231853;6
577;1668477016381287427;10
578;1668477016509685788;10
579;1668477016644660713;8
580;1668477016773338003;7
581;1668477016866361376;8
582;1668477017009327623;7
583;1668477017090301380;10
584;1668477017201235969;12
585;1668477017349687985;7
586;1668477017513436289;9
587;1668477017537931341;6
588;1668477017676735709;41
589;1668477017768996217;7
590;1668477017943161813;10
591;1668477018031754273;6
592;1668477018170238340;11
593;1668477018323988905;7
594;1668477018409148784;7
595;1668477018516390334;12
596;1668477018677418667;9
597;1668477018754381971;6
598;1668477018857793990;13
599;1668477018984583934;10
600;1668477019087946125;8
601;1668477019236202722;10
602;1668477019600565567;7
603;1668477019696221110;3
604;1668477019801550494;11
605;1668477019910091805;10
606;1668477020039885036;7
607;1668477020124347482;11
608;1668477020271112736;12
609;1668477020373879288;7
610;1668477020512268076;10
611;1668477020649154022;7
612;1668477020759997186;7
613;1668477020910584308;9
614;1668477021013065908;7
615;1668477021151807355;7
616;1668477021253624005;10
617;1668477021379639270;8
618;1668477021569601559;9
619;1668477021596222174;6
620;1668477021739737510;36
621;1668477021827557376;7
622;1668477021971506407;12
623;1668477022123462150;7
624;1668477022213153561;7
625;1668477022367864114;11
626;1668477022503049576;7
627;1668477022608379357;7
628;1668477022766496506;10
629;1668477022848371706;6
630;1668477022945899467;12
631;1668477023048983063;10
632;1668477023197082762;8
633;1668477023341007584;8
634;1668477023442424605;7
635;1668477023580842962;10
636;1668477023690306469;7
637;1668477023838325211;9
638;1668477023949099708;7
639;1668477024082824283;9
640;1668477024181461748;8
641;1668477024308686729;10
642;1668477024410339451;8
643;1668477024550005735;10
644;1668477024652193851;7
645;1668477024804265238;10
646;1668477024912706110;6
647;1668477025047657875;10
648;1668477025155405182;7
649;1668477025292542632;9
650;1668477025388683237;7
651;1668477025549993955;11
652;1668477025660550724;6
653;1668477025792473694;9
654;1668477025885030285;7
655;1668477026040771394;11
656;1668477026142016191;6
657;1668477026289496231;6
658;1668477026396510060;10
659;1668477026530476707;9
660;1668477026652876610;8
661;1668477026749200933;8
662;1668477027029796807;8
663;1668477027181136784;4
664;1668477027274113882;7
665;1668477027380151128;11
666;1668477027511118430;10
667;1668477027640803247;7
668;1668477027816505363;8
669;1668477027855578863;6
670;1668477027998686900;11
671;1668477028097932267;11
672;1668477028225721102;10
673;1668477028330320747;8
674;1668477028455621067;9
675;1668477028560403848;8
676;1668477028660559444;10
677;1668477028779425804;9
678;1668477028928154510;10
679;1668477029021219945;7
680;1668477029169020153;7
681;1668477029267876895;10
682;1668477029391977394;10
683;1668477029500595444;8
684;1668477029596773481;6
685;1668477029704663256;27
686;1668477029837910555;6
687;1668477029925905726;11
688;1668477030032725741;12
689;1668477030187375494;6
690;1668477030291172141;10
691;1668477030378969746;10
692;1668477030476934997;11
693;1668477030648352650;9
694;1668477030745756277;6
695;1668477030898949299;10
696;1668477031022433917;7
697;1668477031118921366;8
698;1668477031280363881;11
699;1668477031352891696;6
700;1668477031468696102;14
701;1668477031604909113;9
702;1668477031708574468;7
703;1668477031839504432;7
704;1668477031941470551;10
705;1668477032082298749;10
706;1668477032191591264;7
707;1668477032352100694;9
708;1668477032463661302;6
709;1668477032594658524;9
710;1668477032696535870;8
711;1668477032831091777;10
712;1668477032968366444;7
713;1668477033142160679;8
714;1668477033275383172;6
715;1668477033371957529;8
716;1668477033538274885;10
717;1668477033607201041;6
718;1668477033716038567;15
719;1668477033870164447;9
720;1668477033981824561;6
721;1668477034153958112;9
722;1668477034306994008;6
723;1668477034412059215;7
724;1668477034513504944;10
725;1668477034670192704;8
726;1668477034768416116;8
727;1668477034876964008;6
728;1668477035019048286;22
729;1668477035164562740;7
730;1668477035283434000;7
731;1668477035415908136;9
732;1668477035518785945;8
733;1668477035669931786;10
734;1668477035764347206;7
735;1668477035882033759;11
736;1668477036025328337;8
737;1668477036116484146;7
738;1668477036226957601;11
739;1668477036384932475;9
740;1668477036475978147;5
741;1668477036579254069;25
742;1668477036718012025;7
743;1668477036862009156;11
744;1668477036977076577;7
745;1668477037084731940;9
746;1668477037233218807;7
747;1668477037378453326;9
748;1668477037469337219;7
749;1668477037576075667;11
750;1668477037718604763;9
751;1668477037958816642;7
752;1668477038095300893;4
753;1668477038180704614;7
754;1668477038286454316;12
755;1668477038440647340;9
756;1668477038530535404;6
757;1668477038670645027;11
758;1668477038787455653;7
759;1668477038887997877;8
760;1668477038992984137;11
761;1668477039116441722;8
762;1668477039252624709;10
763;1668477039374097746;7
764;1668477039510973098;8
765;1668477039610505548;7
766;1668477039745046202;10
767;1668477039856424444;7
768;1668477040010845541;9
769;1668477040104694738;6
770;1668477040203967990;10
771;1668477040345756246;10
772;1668477040437424350;7
773;1668477040581398118;11
774;1668477040686816798;7
775;1668477040826775201;10
776;1668477040929374119;7
777;1668477041025992398;10
778;1668477041162597183;7
779;1668477041320321481;12
780;1668477041424209043;6
781;1668477041558358031;10
782;1668477041675078261;7
783;1668477041797344934;8
784;1668477041912316036;8
785;1668477042047892453;9
786;1668477042148308291;7
787;1668477042256342165;10
788;1668477042390766316;7
789;1668477042525052234;10
790;1668477042622209443;8
791;1668477042769270815;9
792;1668477042922246032;7
793;1668477043028478406;7
794;1668477043166549318;6
795;1668477043269111219;12
796;1668477043367995219;9
797;1668477043505226317;8
798;1668477043611024418;10
799;1668477043741651933;9
800;1668477043841404333;8
801;1668477043939254941;10
802;1668477044080157662;10
803;1668477044186553810;7
804;1668477044325493063;9
805;1668477044481380905;7
806;1668477044578241742;6
807;1668477044730746180;10
808;1668477044814907914;7
809;1668477044920714442;12
810;1668477045061993077;9
811;1668477045170428784;7
812;1668477045313749595;9
813;1668477045461772328;7
814;1668477045573562696;7
815;1668477045676515192;9
816;1668477045817645848;10
817;1668477045906378774;7
818;1668477046035165973;12
819;1668477046132236990;8
820;1668477046238354679;10
821;1668477046418521793;6
822;1668477046564931001;8
823;1668477046708305721;7
824;1668477046812595767;7
825;1668477046948567562;11
826;1668477047056843880;7
827;1668477047209080915;9
828;1668477047304578539;7
829;1668477047763202208;11
830;1668477047855433894;2
831;1668477048006472641;10
832;1668477048088942453;7
833;1668477048250477546;12
834;1668477048364346171;6
835;1668477048511321970;9
836;1668477048614426814;7
837;1668477048895717094;10
838;1668477048927855008;4
839;1668477049092133632;6
840;1668477049198981479;31
841;1668477049300345854;10
842;1668477049433692798;8
843;1668477049564729605;10
844;1668477049702003761;8
845;1668477049801638439;7
846;1668477049901026129;7
847;1668477050041158190;9
848;1668477050168634276;12
849;1668477050357033949;8
850;1668477050451125048;5
851;1668477050530103997;11
852;1668477050680134723;12
853;1668477050761968300;7
854;1668477050959004870;12
855;1668477050979608673;5
856;1668477051117285156;59
857;1668477051249538519;7
858;1668477051350588827;8
859;1668477051444894508;10
860;1668477051593286424;7
861;1668477051691781962;10
862;1668477051795689094;10
863;1668477051925635086;8
864;1668477052071779099;9
865;1668477052171906670;7
866;1668477052273652117;10
867;1668477052410110388;10
868;1668477052547868773;7
869;1668477052668512809;7
870;1668477052786181636;7
871;1668477052939970687;11
872;1668477053043343947;6
873;1668477053183451190;10
874;1668477053289598913;7
875;1668477053407407298;9
876;1668477053537513915;9
877;1668477053669236463;8
878;1668477053777003245;8
879;1668477053927468401;9
880;1668477054036770982;7
881;1668477054174898561;7
882;1668477054408250525;9
883;1668477054492331906;4
884;1668477054600507807;12
885;1668477054737555241;9
886;1668477054865727887;7
887;1668477054969658515;8
888;1668477055122396713;9
889;1668477055210699132;7
890;1668477055286388923;11
891;1668477055389712517;13
892;1668477055493579519;6
893;1668477055631837674;12
894;1668477055738584738;10
895;1668477055865399143;10
896;1668477055971894691;8
897;1668477056108541087;9
898;1668477056211721754;7
899;1668477056313652221;10
900;1668477056457314208;8
901;1668477056611795375;6
902;1668477056707578842;10
903;1668477056892453856;10
904;1668477056993952586;5
905;1668477057130150749;10
906;1668477057228918573;7
907;1668477057376093034;10
908;1668477057486388909;7
909;1668477057641901619;9
910;1668477057743844578;6
911;1668477057855155825;10
912;1668477058000611321;9
913;1668477058103923520;7
914;1668477058262881803;10
915;1668477058351075385;6
916;1668477058447463420;11
917;1668477058549046269;10
918;1668477058689316864;7
919;1668477058766554180;10
920;1668477058932705184;13
921;1668477059017083656;6
922;1668477059119815152;12
923;1668477059245832228;10
924;1668477059357983335;8
925;1668477059501985940;9
926;1668477059598256721;7
927;1668477059889689288;11
928;1668477059906490817;3
929;1668477060076656049;50
930;1668477060182640551;6
931;1668477060282691604;10
932;1668477060421706464;9
933;1668477060560273134;7
934;1668477060668949580;7
935;1668477060811736211;9
936;1668477060920107467;7
937;1668477061072604849;9
938;1668477061174754404;7
939;1668477061315060053;10
940;1668477061416714341;7
941;1668477061545864108;10
942;1668477061653450729;8
943;1668477061753444501;9
944;1668477061902358328;10
945;1668477061988444505;7
946;1668477062122900853;11
947;1668477062221005623;8
948;1668477062366224161;10
949;1668477062473939094;7
950;1668477062602507017;9
951;1668477062714378140;8
952;1668477062844247072;9
953;1668477062953440210;8
954;1668477063083804339;7
955;1668477063188921785;11
956;1668477063323235803;7
957;1668477063477101822;10
958;1668477063555686595;7
959;1668477063664473670;13
960;1668477063792055758;9
961;1668477063897424450;8
962;1668477064042231872;9
963;1668477064195395992;7
964;1668477064340385277;6
965;1668477064441335090;7
966;1668477064597994002;9
967;1668477064696034562;7
968;1668477064842288094;10
969;1668477064919677571;7
970;1668477065091481097;13
971;1668477065212831403;6
972;1668477065350721413;8
973;1668477065444471385;7
974;1668477065586568311;11
975;1668477065679903581;7
976;1668477065783199116;11
977;1668477065932333594;10
978;1668477066027157900;7
979;1668477066152375800;11
980;1668477066259391450;8
981;1668477066421652673;9
982;1668477066557769373;6
983;1668477066676632639;8
984;1668477066863174358;6
985;1668477066964522100;7
986;1668477067113054582;10
987;1668477067212250233;7
988;1668477067353076529;8
989;1668477067507511759;8
990;1668477067604083717;6
991;1668477067709332026;11
992;1668477067851433994;10
993;1668477068002544675;7
994;1668477068119024154;7
995;1668477068225599876;9
996;1668477068388362879;7
997;1668477068534068559;8
998;1668477068632634085;7
999;1668477068775366156;11
1000;1668477068882462251;7
1001;1668477069016396634;10
1002;1668477069126601899;7
1003;1668477069280929732;7
1004;1668477069386715330;9
1005;1668477069489674912;9
1006;1668477069621577464;8
1007;1668477069787370710;9
1008;1668477069878899859;6
1009;1668477069979887322;10
1010;1668477070079109324;7
1011;1668477070217301399;12
1012;1668477070316718442;10
1013;1668477070608978625;7
1014;1668477070767255967;4
1015;1668477070858343359;6
1016;1668477070957536551;11
1017;1668477071093567787;10
1018;1668477071199140448;7
1019;1668477071356959597;7
1020;1668477071461060335;9
1021;1668477071603965494;7
1022;1668477071704676965;11
1023;1668477071860293387;10
1024;1668477071962667324;6
1025;1668477072087220001;7
1026;1668477072195598480;11
1027;1668477072330027480;9
1028;1668477072431460383;7
1029;1668477072539933189;10
1030;1668477072692939585;9
1031;1668477072825976837;7
1032;1668477072924009556;7
1033;1668477073069881092;10
1034;1668477073152872655;7
1035;1668477073257787726;12
1036;1668477073387278433;10
1037;1668477073530619943;8
1038;1668477073634064693;7
1039;1668477073793087402;10
1040;1668477073934004703;6
1041;1668477074094970788;7
1042;1668477074194896715;6
1043;1668477074345502531;10
1044;1668477074453372261;7
1045;1668477074583271712;9
1046;1668477074693617400;8
1047;1668477074801813116;9
1048;1668477074956503702;7
1049;1668477075090005981;8
1050;1668477075197140087;8
1051;1668477075295552566;9
1052;1668477075436311423;7
1053;1668477075545499819;10
1054;1668477075677665691;9
1055;1668477075785253894;8
1056;1668477075918412154;9
1057;1668477076032230056;8
1058;1668477076156341745;9
1059;1668477076258900393;8
1060;1668477076389980917;10
1061;1668477076500838620;8
1062;1668477076639703771;9
1063;1668477076742339424;7
1064;1668477076878661231;9
1065;1668477076987815966;8
1066;1668477077135456519;9
1067;1668477077236871324;7
1068;1668477077342071393;11
1069;1668477077480729086;6
1070;1668477077577341481;11
1071;1668477077741762101;10
1072;1668477077817216455;6
1073;1668477077928945422;13
1074;1668477078058363812;9
1075;1668477078212839457;8
1076;1668477078313227781;7
1077;1668477078465023551;10
1078;1668477078545786523;7
1079;1668477078653254966;13
1080;1668477078786947448;7
1081;1668477078900939222;10
1082;1668477079062653548;8
1083;1668477079138525618;7
1084;1668477079235072149;13
1085;1668477079376023851;10
1086;1668477079473725873;7
1087;1668477079628619091;10
1088;1668477079718395650;6
1089;1668477079869650701;11
1090;1668477079977832223;7
1091;1668477080114556647;9
1092;1668477080231194516;7
1093;1668477080366900901;9
1094;1668477080521953010;7
1095;1668477080629219870;7
1096;1668477080786976531;9
1097;1668477080873032905;6
1098;1668477080960557125;12
1099;1668477081258579566;12
1100;1668477081270525838;3
1101;1668477081426977472;72
1102;1668477081512580996;6
1103;1668477081592991024;11
1104;1668477081695609056;12
1105;1668477081838697632;10
1106;1668477081934825496;7
1107;1668477082034859728;10
1108;1668477082172112270;10
1109;1668477082287787457;7
1110;1668477082383224437;9
1111;1668477082509326406;9
1112;1668477082663038905;9
1113;1668477082761095398;6
1114;1668477082899382210;10
1115;1668477082992530271;7
1116;1668477083126702140;11
1117;1668477083228655109;8
1118;1668477083373896062;10
1119;1668477083475454193;7
1120;1668477083598858854;10
1121;1668477083693158734;8
1122;1668477083849321225;10
1123;1668477083962822266;6
1124;1668477084096114006;9
1125;1668477084201299747;8
1126;1668477084296106622;9
1127;1668477084442407100;11
1128;1668477084545333186;7
1129;1668477084686389723;10
1130;1668477084796935707;7
1131;1668477084946255104;9
1132;1668477085049862991;7
1133;1668477085184170943;10
1134;1668477085294453719;7
1135;1668477085438530537;9
1136;1668477085538152526;7
1137;1668477085698806064;10
1138;1668477085826133217;6
1139;1668477085920320854;8
1140;1668477086074817792;10
1141;1668477086172636387;6
1142;1668477086269659291;10
1143;1668477086423460745;10
1144;1668477086503224632;6
1145;1668477086608688453;13
1146;1668477086759613238;9
1147;1668477086898629382;7
1148;1668477087005077110;7
1149;1668477087158520985;10
1150;1668477087277644558;7
1151;1668477087424071554;8
1152;1668477087530558152;7
1153;1668477087657867854;9
1154;1668477087764651371;8
1155;1668477087894731673;9
1156;1668477087997253668;8
1157;1668477088128402499;10
1158;1668477088229426771;7
1159;1668477088338696287;10
1160;1668477088467423484;6
1161;1668477088578695863;13
1162;1668477088711688672;9
1163;1668477088884565510;7
1164;1668477088967197078;6
1165;1668477089070131847;12
1166;1668477089208629128;9
1167;1668477089314633263;7
1168;1668477089445807208;9
1169;1668477089565778049;8
1170;1668477089723415145;8
1171;1668477089808155342;7
1172;1668477089946431668;11
1173;1668477090050938251;7
1174;1668477090184233503;10
1175;1668477090284187427;7
1176;1668477090415947367;10
1177;1668477090531284068;8
1178;1668477090633897751;9
1179;1668477090774933013;7
1180;1668477090878125501;9
1181;1668477091033818291;10
1182;1668477091109312902;6
1183;1668477091226220587;13
1184;1668477091357316154;7
1185;1668477091465677357;11
1186;1668477091600724398;9
1187;1668477091677675318;7
1188;1668477091912507718;13
1189;1668477092082651789;4
1190;1668477092236258428;6
1191;1668477092317619859;6
1192;1668477092422594386;13
1193;1668477092563616317;10
1194;1668477092705220382;7
1195;1668477092830504034;7
1196;1668477092945796169;8
1197;1668477093084859402;9
1198;1668477093200185700;7
1199;1668477093351159420;9
1200;1668477093443993467;6
1201;1668477093580184116;11
1202;1668477093676675587;7
1203;1668477093825238354;10
1204;1668477093931897365;7
1205;1668477094032362439;10
1206;1668477094165311457;10
1207;1668477094323013295;8
1208;1668477094440167268;6
1209;1668477094534748473;9
1210;1668477094692722638;8
1211;1668477094817841437;8
1212;1668477094925480943;8
1213;1668477095108217180;7
1214;1668477095206770109;7
1215;1668477095336129951;10
1216;1668477095444392985;8
1217;1668477095604655140;9
1218;1668477095693680776;6
1219;1668477095851516079;11
1220;1668477095938243911;6
1221;1668477096074928297;12
1222;1668477096163769986;7
1223;1668477096276698663;14
1224;1668477096427392039;7
1225;1668477096531141109;8
1226;1668477096673907849;7
1227;1668477096820198702;9
1228;1668477096897409648;6
1229;1668477097000948968;15
1230;1668477097134629783;10
1231;1668477097231690120;8
1232;1668477097393675154;9
1233;1668477097482195503;7
1234;1668477097599842543;11
1235;1668477097704470463;9
1236;1668477097832252866;7
1237;1668477097936251869;11
1238;1668477098108805925;9
1239;1668477098144284282;6
1240;1668477098278956389;14
1241;1668477098418335378;10
1242;1668477098541726934;7
1243;1668477098697702600;6
1244;1668477098785317175;10
1245;1668477098942828865;11
1246;1668477099021503845;7
1247;1668477099123971299;13
1248;1668477099272299954;9
1249;1668477099368448352;7
1250;1668477099499261899;10
1251;1668477099599729191;8
1252;1668477099774068535;10
1253;1668477099853015050;6
1254;1668477099941760810;12
1255;1668477100087646973;11
1256;1668477100179439773;7
1257;1668477100286865408;10
1258;1668477100451539688;7
1259;1668477100555364439;8
1260;1668477100687081696;7
1261;1668477100859244157;12
1262;1668477100938916076;6
1263;1668477101045486182;13
1264;1668477101168134109;9
1265;1668477101307121483;7
1266;1668477101464226951;8
1267;1668477101544673842;6
1268;1668477101652243742;13
1269;1668477101748856970;9
1270;1668477101890422985;8
1271;1668477102018920162;9
1272;1668477102127506744;7
1273;1668477102230400914;10
1274;1668477102376409376;10
1275;1668477102505042635;6
1276;1668477102754794618;10
1277;1668477102895410443;4
1278;1668477103020014297;7
1279;1668477103134305040;5
1280;1668477103200782978;18
1281;1668477103380509453;11
1282;1668477103456095378;7
1283;1668477103519054843;12
1284;1668477103671137846;18
1285;1668477103744344178;6
1286;1668477103852203969;9
1287;1668477103998362835;10
1288;1668477104068162519;9
1289;1668477104217649189;10
1290;1668477104285886596;9
1291;1668477104403879706;9
1292;1668477104558402409;10
1293;1668477104622363595;8
1294;1668477104785566603;9
1295;1668477104840859850;8
1296;1668477104953910527;11
1297;1668477105060991718;9
1298;1668477105177533687;9
1299;1668477105300463308;8
1300;1668477105444077557;9
1301;1668477105524110928;9
1302;1668477105642122743;8
1303;1668477105774583511;8
1304;1668477105895433989;9
1305;1668477106042984784;8
1306;1668477106121127223;9
1307;1668477106231697958;9
1308;1668477106390483776;8
1309;1668477106514892524;9
1310;1668477106627081417;8
1311;1668477106708278281;9
1312;1668477106819888468;8
1313;1668477106996228683;8
1314;1668477107068994466;8
1315;1668477107209496504;14
1316;1668477107285004730;7
1317;1668477107392314385;9
1318;1668477107550821005;8
1319;1668477107617431396;6
1320;1668477107778575237;14
1321;1668477107846058988;9
1322;1668477107968282242;9
1323;1668477108130489684;8
1324;1668477108203043163;9
1325;1668477108368669567;8
1326;1668477108428789633;8
1327;1668477108546897247;10
1328;1668477108698225352;8
1329;1668477108776164103;9
1330;1668477108945796087;8
1331;1668477109050271186;8
1332;1668477109123717086;10
1333;1668477109282263711;8
1334;1668477109356159253;9
1335;1668477109537037467;9
1336;1668477109599427761;7
1337;1668477109724686778;9
1338;1668477109883219236;8
1339;1668477109948818357;9
1340;1668477110250159132;11
1341;1668477110370388675;4
1342;1668477110463269686;8
1343;1668477110564170619;10
1344;1668477110685277966;7
1345;1668477110816790561;10
1346;1668477110935523452;9
1347;1668477111020527388;9
1348;1668477111136467607;12
1349;1668477111201615041;9
1350;1668477111300755693;11
1351;1668477111434321047;10
1352;1668477111553852082;9
1353;1668477111653350247;8
1354;1668477111735734479;10
1355;1668477111855793310;12
1356;1668477111961342887;8
1357;1668477112074226014;7
1358;1668477112244028239;9
1359;1668477112372232951;8
1360;1668477112510970751;7
1361;1668477112616202130;9
1362;1668477112730099454;10
1363;1668477112820086052;9
1364;1668477112938587685;9
1365;1668477113067452103;9
1366;1668477113165564425;9
1367;1668477113299521516;10
1368;1668477113404420777;8
1369;1668477113545322585;10
1370;1668477113642169828;7
1371;1668477113778364381;10
1372;1668477113883184594;7
1373;1668477114017937958;10
1374;1668477114140750697;7
1375;1668477114274757111;8
1376;1668477114449631647;7
1377;1668477114499058858;6
1378;1668477114635449090;21
1379;1668477114753148163;7
1380;1668477114860276484;8
1381;1668477114984010434;10
1382;1668477115097793991;8
1383;1668477115207742547;9
1384;1668477115346515849;6
1385;1668477115452905628;8
1386;1668477115625007785;10
1387;1668477115735591929;7
1388;1668477115838122650;9
1389;1668477115948076127;7
1390;1668477116092920240;12
1391;1668477116248649800;10
1392;1668477116359513493;6
1393;1668477116469047674;9
1394;1668477116601782207;9
1395;1668477116701848315;8
1396;1668477116850175171;7
1397;1668477116959391220;10
1398;1668477117098637921;9
1399;1668477117192373939;7
1400;1668477117343607934;11
1401;1668477117472412286;7
1402;1668477117553374829;6
1403;1668477117707547318;10
1404;1668477117799787858;10
1405;1668477117956298020;10
1406;1668477118060616015;7
1407;1668477118158634418;9
1408;1668477118295137498;10
1409;1668477118367459236;7
1410;1668477118472586564;13
1411;1668477118687949763;9
1412;1668477118846548028;5
1413;1668477118935898377;6
1414;1668477119045797042;11
1415;1668477119195546078;9
1416;1668477119330745333;7
1417;1668477119446789838;7
1418;1668477119592080323;9
1419;1668477119681665533;7
1420;1668477119783357444;11
1421;1668477119936708685;9
1422;1668477120043199342;7
1423;1668477120175944742;9
1424;1668477120259259758;8
1425;1668477120405857848;12
1426;1668477120496690039;7
1427;1668477120613183985;11
1428;1668477120751509634;6
1429;1668477120859319869;10
1430;1668477121000527621;9
1431;1668477121104414215;7
1432;1668477121253775945;10
1433;1668477121421863673;7
1434;1668477121566794174;6
1435;1668477121677479147;7
1436;1668477121810060287;9
1437;1668477121912969608;8
1438;1668477122046965535;10
1439;1668477122151311857;7
1440;1668477122251178153;10
1441;1668477122389343977;10
1442;1668477122485419065;7
1443;1668477122589088032;12
1444;1668477122729449184;7
1445;1668477122818518609;10
1446;1668477122963145010;11
1447;1668477123068974576;7
1448;1668477123211025273;9
1449;1668477123311391621;7
1450;1668477123444228428;11
1451;1668477123544215125;7
1452;1668477123697034117;10
1453;1668477123791928543;6
1454;1668477123896962219;10
1455;1668477124040071306;8
1456;1668477124139420325;9
1457;1668477124278436639;10
1458;1668477124423540723;7
1459;1668477124523676540;7
1460;1668477124669979730;10
1461;1668477124768428348;7
1462;1668477124871174538;10
1463;1668477125005036884;8
1464;1668477125110756438;10
1465;1668477125247712999;7
1466;1668477125401783378;10
1467;1668477125500120870;6
1468;1668477125628155952;10
1469;1668477125752281321;8
1470;1668477125882052722;8
1471;1668477126036123631;8
1472;1668477126140095074;7
1473;1668477126306459657;10
1474;1668477126437950413;6
1475;1668477126536853895;8
1476;1668477126663975930;10
1477;1668477126776626897;8
1478;1668477126905791979;9
1479;1668477127013636517;8
1480;1668477127164953174;9
1481;1668477127271727984;7
1482;1668477127376588388;9
1483;1668477127504715230;9
1484;1668477127612694293;8
1485;1668477127705210971;6
1486;1668477127865029449;29
1487;1668477127959306331;6
1488;1668477128092209100;11
1489;1668477128194865282;8
1490;1668477128337380122;10
1491;1668477128445397374;7
1492;1668477128575634068;9
1493;1668477128681397533;8
1494;1668477128823738095;9
1495;1668477128936870893;7
1496;1668477129086626088;9
1497;1668477129320045324;7
1498;1668477129455045774;4
1499;1668477129601587682;8
1500;1668477129703575953;7
1501;1668477129803657907;10
1502;1668477129935060946;10
1503;1668477130043041010;8
1504;1668477130181673793;9
1505;1668477130276720356;7
1506;1668477130378096344;11
1507;1668477130517023210;7
1508;1668477130635053192;11
1509;1668477130789200887;9
1510;1668477130890132577;6
1511;1668477131020768571;10
1512;1668477131126501875;7
1513;1668477131226282735;10
1514;1668477131370460195;7
1515;1668477131503806459;10
1516;1668477131607660082;8
1517;1668477131743355792;10
1518;1668477131860041461;7
1519;1668477131992566217;9
1520;1668477132112713735;8
1521;1668477132246270887;8
1522;1668477132354193948;7
1523;1668477132479409867;9
1524;1668477132557627506;8
1525;1668477132657430842;13
1526;1668477132804262024;10
1527;1668477132908541736;7
1528;1668477133041938039;10
1529;1668477133183720754;7
1530;1668477133274241122;7
1531;1668477133382045599;11
1532;1668477133519312889;6
1533;1668477133628136527;11
1534;1668477133790590284;6
1535;1668477133828774429;9
1536;1668477133979618059;12
1537;1668477134080795748;9
1538;1668477134217787637;10
1539;1668477134314093946;7
1540;1668477134446875615;10
1541;1668477134563714342;8
1542;1668477134692796182;9
1543;1668477134792136395;8
1544;1668477134947947567;10
1545;1668477135052659758;6
1546;1668477135197073075;10
1547;1668477135291414563;7
1548;1668477135430314138;11
1549;1668477135537154888;7
1550;1668477135642488360;9
1551;1668477135784055081;7
1552;1668477135892365753;10
1553;1668477136030101611;9
1554;1668477136143324668;7
1555;1668477136272079274;6
1556;1668477136379298136;13
1557;1668477136513874341;9
1558;1668477136643657721;8
1559;1668477136761314423;8
1560;1668477136913066703;8
1561;1668477137021944437;6
1562;1668477137154568564;9
1563;1668477137302766625;8
1564;1668477137403684536;7
1565;1668477137546465431;10
1566;1668477137644927622;7
1567;1668477137787763040;10
1568;1668477137891220284;7
1569;1668477138042974917;7
1570;1668477138145775546;9
1571;1668477138267276384;9
1572;1668477138375943189;8
1573;1668477138481076467;9
1574;1668477138642795167;10
1575;1668477138732746705;6
1576;1668477138871912248;11
1577;1668477138986144088;7
1578;1668477139086957564;9
1579;1668477139228323688;10
1580;1668477139321779115;7
1581;1668477139471666384;11
1582;1668477139562608253;7
1583;1668477139694027366;11
1584;1668477139827885313;7
1585;1668477140072415931;8
1586;1668477140225272738;4
1587;1668477140332684838;7
1588;1668477140473358215;9
1589;1668477140574592112;7
1590;1668477140716399863;10
1591;1668477140839243769;7
1592;1668477140989422266;6
1593;1668477141082349240;11
1594;1668477141228094729;11
1595;1668477141322941874;7
1596;1668477141414228682;10
1597;1668477141577467105;11
1598;1668477141661532499;6
1599;1668477141771380494;12
1600;1668477141861782185;6
1601;1668477142000782460;11
1602;1668477142120861710;11
1603;1668477142248219580;8
1604;1668477142355538873;8
1605;1668477142506917093;10
1606;1668477142614884621;7
1607;1668477142759396933;9
1608;1668477142854186439;7
1609;1668477142968287197;10
1610;1668477143096334885;6
1611;1668477143200842050;12
1612;1668477143329986774;9
1613;1668477143425017174;8
1614;1668477143589445493;10
1615;1668477143671286238;6
1616;1668477143783806545;13
1617;1668477143922026760;9
1618;1668477144025966899;7
1619;1668477144186566305;9
1620;1668477144309196332;6
1621;1668477144401705018;8
1622;1668477144543484610;10
1623;1668477144658519643;7
1624;1668477144762035721;9
1625;1668477144902036307;10
1626;1668477145007511308;7
1627;1668477145144625110;9
1628;1668477145255934542;7
1629;1668477145368360645;9
1630;1668477145529437096;9
1631;1668477145616767304;6
1632;1668477145769392946;11
1633;1668477145880198591;7
1634;1668477145987513391;9
1635;1668477146126578434;7
1636;1668477146297658722;10
1637;1668477146429829819;6
1638;1668477146565742392;8
1639;1668477146659932711;7
1640;1668477146763152257;11
1641;1668477146891319256;10
1642;1668477146976765510;7
1643;1668477147082123276;13
1644;1668477147237998602;7
1645;1668477147338581869;9
1646;1668477147471164578;11
1647;1668477147623677429;7
1648;1668477147718674103;7
1649;1668477147831113528;11
1650;1668477147971077440;9
1651;1668477148078117618;7
1652;1668477148183607373;10
1653;1668477148316261103;9
1654;1668477148409493431;8
1655;1668477148550323006;11
1656;1668477148660939492;7
1657;1668477148756699538;10
1658;1668477148913674513;10
1659;1668477148995833607;6
1660;1668477149086807854;12
1661;1668477149186660656;11
1662;1668477149333925621;7
1663;1668477149431923227;10
1664;1668477149537694821;10
1665;1668477149668010796;9
1666;1668477149773500102;8
1667;1668477149918407325;10
1668;1668477150019426528;7
1669;1668477150156432257;10
1670;1668477150261015114;7
1671;1668477150423804123;10
1672;1668477150526718351;6
1673;1668477150624833615;10
1674;1668477150759359026;8
1675;1668477150910388773;10
1676;1668477151147196427;7
1677;1668477151309624342;4
1678;1668477151387423190;6
1679;1668477151463885564;13
1680;1668477151592624889;14
1681;1668477151712005459;8
1682;1668477151899834797;8
1683;1668477152030272994;5
1684;1668477152239130684;7
1685;1668477152403271536;5
1686;1668477152558372339;6
1687;1668477152658214812;7
1688;1668477152755939780;10
1689;1668477152894845006;10
1690;1668477153016140908;7
1691;1668477153142817829;8
1692;1668477153317327694;8
1693;1668477153402820234;6
1694;1668477153484430969;12
1695;1668477153637595846;12
1696;1668477153774073121;6
1697;1668477153891154535;8
1698;1668477154058491542;8
1699;1668477154207987916;6
1700;1668477154352813115;7
1701;1668477154464426434;7
1702;1668477154599960734;9
1703;1668477154695531296;8
1704;1668477154850415931;10
1705;1668477154957415596;6
1706;1668477155057728191;10
1707;1668477155190448589;8
1708;1668477155346015249;10
1709;1668477155427686259;6
1710;1668477155525939430;11
1711;1668477155627732609;11
1712;1668477155777332398;10
1713;1668477155856408203;7
1714;1668477156010273591;12
1715;1668477156104226329;7
1716;1668477156206996617;10
1717;1668477156348832051;10
1718;1668477156447525738;7
1719;1668477156625071329;10
1720;1668477156698794447;6
1721;1668477156807580478;15
1722;1668477156911330191;9
1723;1668477157049576906;9
1724;1668477157154148352;7
1725;1668477157293830664;10
1726;1668477157397528885;7
1727;1668477157492125539;10
1728;1668477157638267386;10
1729;1668477157740227227;7
1730;1668477157878090306;10
1731;1668477157981095332;7
1732;1668477158111813007;10
1733;1668477158217349766;8
1734;1668477158362190887;9
1735;1668477158471607478;7
1736;1668477158607715865;9
1737;1668477158708119044;7
1738;1668477158860464112;10
1739;1668477158967927724;7
1740;1668477159134726733;7
1741;1668477159237701487;8
1742;1668477159379518104;7
1743;1668477159530391087;10
1744;1668477159647816132;7
1745;1668477159775047881;9
1746;1668477159889347075;8
1747;1668477160026185057;9
1748;1668477160141552411;7
1749;1668477160248700999;9
1750;1668477160385540482;7
1751;1668477160492138465;10
1752;1668477160688533950;10
1753;1668477160793334702;5
1754;1668477160897327935;12
1755;1668477161026541734;10
1756;1668477161124023049;8
1757;1668477161293139205;10
1758;1668477161362493148;6
1759;1668477161469542937;15
1760;1668477161615449756;7
1761;1668477161714074048;9
1762;1668477161844836708;10
1763;1668477161941820206;7
1764;1668477162236471959;11
1765;1668477162255761621;3
1766;1668477162393618704;57
1767;1668477162509375325;7
1768;1668477162689473328;9
1769;1668477162716130574;5
1770;1668477162884396054;47
1771;1668477163055292508;6
1772;1668477163151248721;4
1773;1668477163275952304;13
1774;1668477163401985920;11
1775;1668477163500189575;8
1776;1668477163637993845;10
1777;1668477163794752412;7
1778;1668477163937647391;6
1779;1668477164022813404;7
1780;1668477164169539085;12
1781;1668477164291781087;7
1782;1668477164393757439;8
1783;1668477164519727101;7
1784;1668477164654146100;11
1785;1668477164797131116;7
1786;1668477164910909922;7
1787;1668477165075804305;9
1788;1668477165206341516;6
1789;1668477165352600151;8
1790;1668477165468445076;7
1791;1668477165600128321;9
1792;1668477165700394627;7
1793;1668477165829843716;10
1794;1668477165962852347;8
1795;1668477166108965751;7
1796;1668477166205134715;7
1797;1668477166351313290;11
1798;1668477166438067443;7
1799;1668477166580174536;12
1800;1668477166703154445;7
1801;1668477166882166848;8
1802;1668477167008497785;6
1803;1668477167142775605;8
1804;1668477167243946383;8
1805;1668477167372619055;10
1806;1668477167481380888;8
1807;1668477167628651507;9
1808;1668477167717559122;7
1809;1668477167857501433;11
1810;1668477167964020489;7
1811;1668477168094812894;9
1812;1668477168198484035;8
1813;1668477168352840223;10
1814;1668477168469417884;6
1815;1668477168567743912;9
1816;1668477168706679599;10
1817;1668477168815269582;7
1818;1668477168922982673;9
1819;1668477169061409551;9
1820;1668477169165041495;7
1821;1668477169315866290;10
1822;1668477169397829169;7
1823;1668477169503237008;12
1824;1668477169637844660;7
1825;1668477169769297016;10
1826;1668477169893154465;8
1827;1668477170046548039;8
1828;1668477170142591833;7
1829;1668477170244813108;10
1830;1668477170377176267;10
1831;1668477170480775016;7
1832;1668477170622646654;10
1833;1668477170703182540;7
1834;1668477170798459645;12
1835;1668477170899714552;10
1836;1668477171068459335;10
1837;1668477171200075564;6
1838;1668477171315521835;8
1839;1668477171459160361;9
1840;1668477171565369140;7
1841;1668477171690430942;10
1842;1668477171815204104;8
1843;1668477171946849299;8
1844;1668477172039574798;7
1845;1668477172178625103;11
1846;1668477172293148238;7
1847;1668477172414466860;9
1848;1668477172517232279;9
1849;1668477172673430182;10
1850;1668477172785757927;6
1851;1668477172935057770;7
1852;1668477173055172069;9
1853;1668477173261561313;3
1854;1668477173454927859;40
1855;1668477173554394727;5
1856;1668477173649972265;6
1857;1668477173774781830;31
1858;1668477173895756066;8
1859;1668477174002493726;8
1860;1668477174085260396;7
1861;1668477174186422547;29
1862;1668477174322304791;10
1863;1668477174422576131;8
1864;1668477174552311472;8
1865;1668477174657353024;9
1866;1668477174758915755;6
1867;1668477174889393895;30
1868;1668477175043198473;8
1869;1668477175156809956;7
1870;1668477175254705036;9
1871;1668477175361445264;10
1872;1668477175495909610;7
1873;1668477175632123196;10
1874;1668477175778988975;7
1875;1668477175879220673;7
1876;1668477176036111629;10
1877;1668477176118132357;6
1878;1668477176373586630;12
1879;1668477176394224271;4
1880;1668477176492691678;38
1881;1668477176598123949;11
1882;1668477176734180018;10
1883;1668477176829150130;7
1884;1668477176968836421;11
1885;1668477177079233266;7
1886;1668477177223799320;9
1887;1668477177318157407;7
1888;1668477177450206645;11
1889;1668477177552852295;8
1890;1668477177703967224;10
1891;1668477177826991250;7
1892;1668477177928123567;8
1893;1668477178055010284;10
1894;1668477178210198933;8
1895;1668477178297143769;6
1896;1668477178434560364;11
1897;1668477178542516927;8
1898;1668477178720146190;9
1899;1668477178821337874;5
1900;1668477178955838905;10
1901;1668477179057632654;7
1902;1668477179185634997;10
1903;1668477179276374414;8
1904;1668477179391594403;11
1905;1668477179563571473;9
1906;1668477179585459044;6
1907;1668477179721764381;45
1908;1668477179815306839;7
1909;1668477179971835925;11
1910;1668477180060150321;6
1911;1668477180163765320;11
1912;1668477180295447248;10
1913;1668477180395507435;8
1914;1668477180550725881;10
1915;1668477180640514869;6
1916;1668477180735466014;11
1917;1668477180878036160;10
1918;1668477180967237447;7
1919;1668477181121363435;12
1920;1668477181220413191;6
1921;1668477181309423607;10
1922;1668477181397961629;11
1923;1668477181551121568;11
1924;1668477181641505680;7
1925;1668477181744823318;11
1926;1668477181891536103;10
1927;1668477181995439280;7
1928;1668477182097004316;9
1929;1668477182218293910;10
1930;1668477182326176749;9
1931;1668477182481364409;9
1932;1668477182610714724;6
1933;1668477182723557965;8
1934;1668477182880168522;9
1935;1668477182974507145;6
1936;1668477183082863259;11
1937;1668477183203552817;9
1938;1668477183316643164;8
1939;1668477183463503748;9
1940;1668477183567540828;7
1941;1668477183678732251;10
1942;1668477183819879539;7
1943;1668477183973119923;10
1944;1668477184068393468;7
1945;1668477184307410768;10
1946;1668477184403500741;4
1947;1668477184550399301;10
1948;1668477184657019400;7
1949;1668477184820097332;9
1950;1668477184883320566;6
1951;1668477184974053206;17
1952;1668477185137366901;11
1953;1668477185236429638;6
1954;1668477185332685512;10
1955;1668477185441000560;11
1956;1668477185569675418;9
1957;1668477185668513631;8
1958;1668477185775998365;10
1959;1668477185908019306;7
1960;1668477186051941061;11
1961;1668477186230983703;7
1962;1668477186304429800;6
1963;1668477186404142099;14
1964;1668477186509685441;10
1965;1668477186611249038;6
1966;1668477186746924906;25
1967;1668477186848754381;8
1968;1668477186983325299;10
1969;1668477187095745828;7
1970;1668477187245797870;6
1971;1668477187350951843;10
1972;1668477187457813196;10
1973;1668477187581149313;9
1974;1668477187676078823;8
1975;1668477187784313727;11
1976;1668477187928489969;9
1977;1668477188029909786;7
1978;1668477188164993039;10
1979;1668477188261182423;7
1980;1668477188391595175;7
1981;1668477188501398237;11
1982;1668477188637681270;9
1983;1668477188752033426;7
1984;1668477188902097231;9
1985;1668477189016753188;7
1986;1668477189168334513;9
1987;1668477189269852242;7
1988;1668477189409560533;10
1989;1668477189520912932;7
1990;1668477189679203792;9
1991;1668477189773646573;6
1992;1668477189866835616;11
1993;1668477189996715319;11
1994;1668477190099468219;8
1995;1668477190244751043;10
1996;1668477190339232036;7
1997;1668477190475560437;11
1998;1668477190584967407;7
1999;1668477190719855104;9
2000;1668477190832122654;8
2001;1668477190960118505;9
2002;1668477191080039935;8
2003;1668477191223504173;8
2004;1668477191365147257;7
2005;1668477191469406123;7
2006;1668477191609052161;10
2007;1668477191704811594;7
2008;1668477191842463652;10
2009;1668477191949075884;7
2010;1668477192057573544;9
2011;1668477192184955796;9
2012;1668477192282753151;8
2013;1668477192431544810;10
2014;1668477192517756208;7
2015;1668477192653773649;12
2016;1668477192728930934;7
2017;1668477192836510529;13
2018;1668477192937247340;6
2019;1668477193071358446;26
2020;1668477193215796495;7
2021;1668477193317469253;7
2022;1668477193416602137;10
2023;1668477193525187861;10
2024;1668477193683682156;7
2025;1668477193791429362;8
2026;1668477193917690983;9
2027;1668477194030118664;8
2028;1668477194133459229;9
2029;1668477194259529114;7
2030;1668477194373858467;12
2031;1668477194518861800;9
2032;1668477194622048354;7
2033;1668477194756507946;10
2034;1668477194839386934;7
2035;1668477195072197785;12
2036;1668477195224334840;4
2037;1668477195338871372;6
2038;1668477195474078186;9
2039;1668477195567117918;7
2040;1668477195710612871;11
2041;1668477195860687768;7
2042;1668477195964649976;7
2043;1668477196071726243;10
2044;1668477196198016649;7
2045;1668477196299470930;11
2046;1668477196457890540;10
2047;1668477196550003858;6
2048;1668477196652372343;11
2049;1668477196782526346;10
2050;1668477196894999657;8
2051;1668477197018606779;9
2052;1668477197158836497;8
2053;1668477197248955797;7
2054;1668477197377445251;11
2055;1668477197472544871;8
2056;1668477197575752097;10
2057;1668477197718901103;10
2058;1668477197829076232;7
2059;1668477197960079037;9
2060;1668477198069930114;8
2061;1668477198195179428;9
2062;1668477198303612132;8
2063;1668477198433664332;9
2064;1668477198519579477;8
2065;1668477198684315604;12
2066;1668477198776374870;6
2067;1668477198919603198;11
2068;1668477199026123378;7
2069;1668477199154277075;9
2070;1668477199263925942;8
2071;1668477199428238827;9
2072;1668477199519644865;6
2073;1668477199607606464;11
2074;1668477199741334691;11
2075;1668477199846368128;7
2076;1668477199978822777;10
2077;1668477200090373737;8
2078;1668477200231230259;9
2079;1668477200380781853;7
2080;1668477200490930616;7
2081;1668477200634902793;9
2082;1668477200727775349;7
2083;1668477200865573556;11
2084;1668477200970516905;7
2085;1668477201086925174;10
2086;1668477201226591535;9
2087;1668477201335089490;7
2088;1668477201466330396;9
2089;1668477201577755011;8
2090;1668477201720214461;9
2091;1668477201826709130;7
2092;1668477201958667542;9
2093;1668477202062991825;8
2094;1668477202203943640;10
2095;1668477202299772998;7
2096;1668477202406470474;10
2097;1668477202539837914;10
2098;1668477202640017283;7
2099;1668477202743205457;10
2100;1668477202888062930;10
2101;1668477203023258336;7
2102;1668477203136586167;7
2103;1668477203280641051;9
2104;1668477203381766739;7
2105;1668477203545355907;10
2106;1668477203619338359;6
2107;1668477203732610285;14
2108;1668477203886752301;8
2109;1668477203985624301;7
2110;1668477204122216862;10
2111;1668477204225782435;7
2112;1668477204360383480;10
2113;1668477204477423067;7
2114;1668477204620002777;9
2115;1668477204720888330;7
2116;1668477204853692115;10
2117;1668477204963027282;8
2118;1668477205057161015;9
2119;1668477205212409693;7
2120;1668477205300097913;9
2121;1668477205403148626;11
2122;1668477205528765199;7
2123;1668477205764301294;11
2124;1668477205984972633;4
2125;1668477206164726262;5
2126;1668477206343417418;6
2127;1668477206492768682;6
2128;1668477206711312714;7
2129;1668477206726388773;5
2130;1668477206871566804;55
2131;1668477206962147413;7
2132;1668477207089807222;11
2133;1668477207182643756;8
2134;1668477207477546298;11
2135;1668477207622091101;3
2136;1668477207719276324;7
2137;1668477207809051011;10
2138;1668477207952268346;11
2139;1668477208054084066;7
2140;1668477208218804732;10
2141;1668477208441700446;6
2142;1668477208464184695;4
2143;1668477208636996875;41
2144;1668477208790587749;6
2145;1668477208891897990;7
2146;1668477209037530189;10
2147;1668477209147933314;7
2148;1668477209304841395;7
2149;1668477209414457634;8
2150;1668477209544444793;9
2151;1668477209649693109;8
2152;1668477209791059581;10
2153;1668477209893599581;7
2154;1668477210035129879;10
2155;1668477210128996876;7
2156;1668477210232635360;11
2157;1668477210375692022;8
2158;1668477210480419217;8
2159;1668477210575473466;10
2160;1668477210717058536;10
2161;1668477210819880370;7
2162;1668477210918560238;10
2163;1668477211088582528;8
2164;1668477211218222356;7
2165;1668477211335055749;8
2166;1668477211467957460;8
2167;1668477211568684389;8
2168;1668477211716421627;7
2169;1668477211824071103;10
2170;1668477211922044807;9
2171;1668477212060378688;9
2172;1668477212223888240;8
2173;1668477212332319800;6
2174;1668477212473370482;10
2175;1668477212588009149;7
2176;1668477212789725738;9
2177;1668477212810494032;5
2178;1668477212954151540;16
2179;1668477213048317096;10
2180;1668477213188044442;11
2181;1668477213302356022;7
2182;1668477213435595242;9
2183;1668477213525090661;7
2184;1668477213654224551;11
2185;1668477213765314304;8
2186;1668477213864621784;9
2187;1668477214010824597;8
2188;1668477214150905041;8
2189;1668477214248899958;7
2190;1668477214406060836;10
2191;1668477214494379489;6
2192;1668477214589326253;11
2193;1668477214721533629;11
2194;1668477214831274620;8
2195;1668477214963946942;9
2196;1668477215064660756;7
2197;1668477215222512999;10
2198;1668477215307821191;6
2199;1668477215442306907;11
2200;1668477215545240938;8
2201;1668477215673758471;10
2202;1668477215795654083;8
2203;1668477215928046132;8
2204;1668477216030117551;7
2205;1668477216196889947;10
2206;1668477216289044543;6
2207;1668477216389208929;11
2208;1668477216520765267;10
2209;1668477216626360678;7
2210;1668477216784181887;7
2211;1668477216886738417;7
2212;1668477217026355678;11
2213;1668477217127409751;7
2214;1668477217420110017;10
2215;1668477217436904828;3
2216;1668477217596881161;63
2217;1668477217727737205;6
2218;1668477217839279897;8
2219;1668477217982495009;9
2220;1668477218075879737;7
2221;1668477218227243638;11
2222;1668477218326400249;6
2223;1668477218478139570;10
2224;1668477218593772223;7
2225;1668477218735944226;9
2226;1668477218834098363;7
2227;1668477218934929651;10
2228;1668477219079802394;8
2229;1668477219212522922;9
2230;1668477219318246286;8
2231;1668477219471761513;7
2232;1668477219610251266;9
2233;1668477219710524163;7
2234;1668477219844902493;10
2235;1668477219935860378;7
2236;1668477220090151459;11
2237;1668477220183757373;6
2238;1668477220305016744;11
2239;1668477220429901815;8
2240;1668477220552371036;8
2241;1668477220693806040;8
2242;1668477220813977112;7
2243;1668477220949877470;8
2244;1668477221061543270;7
2245;1668477221192859745;9
2246;1668477221304002693;7
2247;1668477221441566359;9
2248;1668477221559984574;7
2249;1668477221693810665;8
2250;1668477221804969723;7
2251;1668477221909886492;9
2252;1668477222046767710;10
2253;1668477222150852254;7
2254;1668477222256875721;10
2255;1668477222420250816;8
2256;1668477222517636218;7
2257;1668477222613611236;10
2258;1668477222783343594;10
2259;1668477222890237967;6
2260;1668477222993206926;10
2261;1668477223181078706;10
2262;1668477223319017313;5
2263;1668477223479708736;9
2264;1668477223570861480;6
2265;1668477223675429577;11
2266;1668477223846382911;9
2267;1668477223957428240;6
2268;1668477224104455841;9
2269;1668477224251009025;7
2270;1668477224353313658;7
2271;1668477224455608617;10
2272;1668477224600137620;7
2273;1668477224702818630;10
2274;1668477224852201448;10
2275;1668477224943001861;7
2276;1668477225052084672;11
2277;1668477225190706364;9
2278;1668477225299014251;7
2279;1668477225400836407;9
2280;1668477225533556964;10
2281;1668477225644603479;7
2282;1668477225785337793;7
2283;1668477225920032318;9
2284;1668477226023607108;7
2285;1668477226131863559;10
2286;1668477226274488911;9
2287;1668477226373330737;7
2288;1668477226478953584;10
2289;1668477226616546035;10
2290;1668477226724258931;7
2291;1668477226871039348;9
2292;1668477226973576378;7
2293;1668477227078572749;10
2294;1668477227212110452;10
2295;1668477227317735839;8
2296;1668477227445699402;9
2297;1668477227555684941;8
2298;1668477227685383374;9
2299;1668477227786317777;8
2300;1668477227884310889;10
2301;1668477228027860798;10
2302;1668477228127150578;7
2303;1668477228411131026;10
2304;1668477228430720727;3
2305;1668477228585799134;55
2306;1668477228678474210;6
2307;1668477228761507149;11
2308;1668477228902141893;12
2309;1668477228987834178;7
2310;1668477229153651911;12
2311;1668477229246670676;6
2312;1668477229328938794;11
2313;1668477229432121580;12
2314;1668477229571178227;7
2315;1668477229672138099;11
2316;1668477229806481676;10
2317;1668477229919546582;7
2318;1668477230022134290;9
2319;1668477230158485288;7
2320;1668477230273899835;10
2321;1668477230360933409;9
2322;1668477230464729848;11
2323;1668477230604005124;10
2324;1668477230757206423;7
2325;1668477230861016254;6
2326;1668477231032933675;10
2327;1668477231132441260;6
2328;1668477231241398765;10
2329;1668477231389201169;9
2330;1668477231526280378;7
2331;1668477231621496484;7
2332;1668477231767459636;11
2333;1668477231871604783;7
2334;1668477231970526282;10
2335;1668477232121874563;6
2336;1668477232202307713;11
2337;1668477232339186609;12
2338;1668477232434140324;7
2339;1668477232583982523;10
2340;1668477232690600585;7
2341;1668477232879267724;7
2342;1668477232910493993;7
2343;1668477233051348590;35
2344;1668477233151154189;7
2345;1668477233294693152;10
2346;1668477233391122485;7
2347;1668477233522960268;11
2348;1668477233628338219;8
2349;1668477233729421939;9
2350;1668477233869082514;10
2351;1668477234004508696;7
2352;1668477234095679826;7
2353;1668477234199482488;11
2354;1668477234362271823;10
2355;1668477234521587934;6
2356;1668477234595568063;6
2357;1668477234687591869;14
2358;1668477234790666407;11
2359;1668477234930403886;10
2360;1668477235019442514;7
2361;1668477235124082785;12
2362;1668477235259894658;7
2363;1668477235411153824;10
2364;1668477235523224138;7
2365;1668477235667968657;9
2366;1668477235762452159;7
2367;1668477235909465722;11
2368;1668477236025158444;7
2369;1668477236181914090;9
2370;1668477236280459565;6
2371;1668477236418026644;10
2372;1668477236528254392;7
2373;1668477236677757430;9
2374;1668477236765916833;7
2375;1668477236872491727;12
2376;1668477237024574106;9
2377;1668477237125788809;7
2378;1668477237260332576;10
2379;1668477237420318978;7
2380;1668477237516426493;6
2381;1668477237610569959;10
2382;1668477237719796870;11
2383;1668477237867476697;9
2384;1668477237978346263;7
2385;1668477238117757903;7
2386;1668477238261745671;9
2387;1668477238357253720;7
2388;1668477238516202805;10
2389;1668477238613333011;6
2390;1668477238729095500;10
2391;1668477238867852017;7
2392;1668477238972026148;9
2393;1668477239250546029;7
2394;1668477239456940798;4
2395;1668477239563070637;5
2396;1668477239725142960;9
2397;1668477239883096475;6
2398;1668477240032408391;7
2399;1668477240153665962;7
2400;1668477240300080584;8
2401;1668477240404549814;7
2402;1668477240530747325;7
2403;1668477240640968402;12
2404;1668477240766953484;9
2405;1668477240890244404;8
2406;1668477241008796046;8
2407;1668477241107961825;8
2408;1668477241270037560;10
2409;1668477241350098596;6
2410;1668477241452507316;12
2411;1668477241556590208;10
2412;1668477241692212583;8
2413;1668477241837115752;9
2414;1668477241934311126;7
2415;1668477242103349907;10
2416;1668477242180284954;6
2417;1668477242276019326;13
2418;1668477242419190029;7
2419;1668477242523061698;11
2420;1668477242613090817;7
2421;1668477242716665350;9
2422;1668477242854433614;13
2423;1668477242959286723;11
2424;1668477243103244378;10
2425;1668477243215488650;7
2426;1668477243342753762;9
2427;1668477243456683976;8
2428;1668477243593695081;7
2429;1668477243759427531;10
2430;1668477243854951088;6
2431;1668477243966700664;10
2432;1668477244104812194;9
2433;1668477244208644330;7
2434;1668477244361577916;9
2435;1668477244470531011;7
2436;1668477244577095073;9
2437;1668477244706617657;9
2438;1668477244827355596;8
2439;1668477244968732567;8
2440;1668477245078251188;7
2441;1668477245182524899;9
2442;1668477245320406576;7
2443;1668477245428456028;11
2444;1668477245531056964;9
2445;1668477245667657755;7
2446;1668477245773332790;10
2447;1668477245875266944;9
2448;1668477246025407772;10
2449;1668477246122091676;7
2450;1668477246261597519;10
2451;1668477246379399661;7
2452;1668477246576887098;8
2453;1668477246610774856;5
2454;1668477246761162671;14
2455;1668477246907276359;9
2456;1668477247029348955;7
2457;1668477247170730840;8
2458;1668477247288378555;7
2459;1668477247391093158;8
2460;1668477247537338311;10
2461;1668477247678302652;7
2462;1668477247786279072;7
2463;1668477247925728192;9
2464;1668477248034791997;7
2465;1668477248164590574;6
2466;1668477248273300796;12
2467;1668477248422651858;9
2468;1668477248523189108;7
2469;1668477248679432564;10
2470;1668477248783863104;6
2471;1668477248890320101;10
2472;1668477249030716997;9
2473;1668477249129771727;7
2474;1668477249282460510;10
2475;1668477249376296547;7
2476;1668477249477499349;11
2477;1668477249620302476;7
2478;1668477249739686436;10
2479;1668477249892663286;8
2480;1668477249984478882;6
2481;1668477250091917908;12
2482;1668477250296755271;4
2483;1668477250454806905;28
2484;1668477250550640302;7
2485;1668477250655615511;10
2486;1668477250789391767;10
2487;1668477250911649636;7
2488;1668477251026429027;8
2489;1668477251161632411;8
2490;1668477251369215190;8
2491;1668477251381511846;5
2492;1668477251527722400;82
2493;1668477251690395039;7
2494;1668477251772677682;6
2495;1668477251873750465;12
2496;1668477251995770140;10
2497;1668477252148368424;8
2498;1668477252271372808;7
2499;1668477252361216124;8
2500;1668477252499798819;9
2501;1668477252593059793;9
2502;1668477252710395795;11
2503;1668477252860066763;6
2504;1668477252939375061;9
2505;1668477253056609400;8
2506;1668477253202017293;10
2507;1668477253272711203;9
2508;1668477253439065699;8
2509;1668477253508102313;9
2510;1668477253624289262;14
2511;1668477253730583516;9
2512;1668477253885265321;7
2513;1668477253962892358;9
2514;1668477254132831172;9
2515;1668477254215103924;7
2516;1668477254324693798;9
2517;1668477254499326035;9
2518;1668477254579568570;7
2519;1668477254743239317;12
2520;1668477254817460129;6
2521;1668477254927214245;9
2522;1668477255032369636;13
2523;1668477255169480590;7
2524;1668477255389733728;8
2525;1668477255507047821;5
2526;1668477255617512419;8
2527;1668477255737717307;9
2528;1668477255848010278;8
2529;1668477255948287753;9
2530;1668477256072713039;10
2531;1668477256170322241;8
2532;1668477256301782850;10
2533;1668477256384874418;7
2534;1668477256519557326;9
2535;1668477256598482863;9
2536;1668477256728450979;9
2537;1668477256851738050;10
2538;1668477256960606569;8
2539;1668477257068290267;9
2540;1668477257168513646;9
2541;1668477257281621138;10
2542;1668477257387844164;9
2543;1668477257467055599;9
2544;1668477257582218591;9
2545;1668477257731528012;9
2546;1668477257791590085;8
2547;1668477257925087526;16
2548;1668477258031343083;6
2549;1668477258340808679;8
2550;1668477258359558204;4
2551;1668477258497146730;43
2552;1668477258568050829;8
2553;1668477258672833618;14
2554;1668477258808208244;5
2555;1668477258925283660;32
2556;1668477259024757009;8
2557;1668477259170280657;10
2558;1668477259311596000;7
2559;1668477259696858225;7
2560;1668477259820541020;3
2561;1668477259970714880;8
2562;1668477260114672837;7
2563;1668477260242498192;7
2564;1668477260331478597;8
2565;1668477260686938203;11
2566;1668477260815725680;3
2567;1668477261017059628;8
2568;1668477261139804020;5
2569;1668477261234311337;8
2570;1668477261407844396;11
2571;1668477261827119726;6
2572;1668477261932957769;2
2573;1668477262072783237;9
2574;1668477262195605316;7
2575;1668477262349376810;8
2576;1668477262501814880;6
2577;1668477262632580973;7
2578;1668477262790178103;7
2579;1668477262941003598;6
2580;1668477263080779042;7
2581;1668477263196824682;7
2582;1668477263300659028;8
2583;1668477263396079824;10
2584;1668477263551537779;11
2585;1668477263666787954;6
2586;1668477263801981768;6
2587;1668477263905053349;10
2588;1668477264065673363;10
2589;1668477264194140078;6
2590;1668477264302094211;8
2591;1668477264468313007;9
2592;1668477264578875428;6
2593;1668477264708626082;9
2594;1668477264868562670;8
2595;1668477264968303624;6
2596;1668477265084011974;10
2597;1668477265227384043;9
2598;1668477265344133157;7
2599;1668477265496017865;9
2600;1668477265612333450;6
2601;1668477265718664352;9
2602;1668477265859177886;9
2603;1668477265955802768;7
2604;1668477266111820339;10
2605;1668477266221336200;6
2606;1668477266374734580;9
2607;1668477266470428734;7
2608;1668477266569814812;10
2609;1668477266716893187;10
2610;1668477266826924228;7
2611;1668477266927640894;9
2612;1668477267080382133;7
2613;1668477267259536071;9
2614;1668477267341340670;5
2615;1668477267451228812;13
2616;1668477267600105310;7
2617;1668477267758328367;9
2618;1668477267876279408;6
2619;1668477267980683350;9
2620;1668477268117764157;10
2621;1668477268253790051;7
2622;1668477268377049252;8
2623;1668477268525706626;6
2624;1668477268627479300;10
2625;1668477268979888905;10
2626;1668477269089104222;3
2627;1668477269164589501;9
2628;1668477269203208838;12
2629;1668477269337994473;12
2630;1668477269441867459;12
2631;1668477269634934894;9
2632;1668477269793588015;5
2633;1668477269832496533;6
2634;1668477269976172330;12
2635;1668477270076872347;10
2636;1668477270221709893;8
2637;1668477270443564613;9
2638;1668477270585022583;5
2639;1668477270776897418;7
2640;1668477270813783848;5
2641;1668477270915087768;9
2642;1668477271205803235;36
2643;1668477271226062050;3
2644;1668477271351851625;47
2645;1668477271449465535;8
2646;1668477271579138863;10
2647;1668477271666032076;8
2648;1668477271839998503;11
2649;1668477271989474653;6
2650;1668477272134240175;7
2651;1668477272317461711;7
2652;1668477272500879266;6
2653;1668477272672176554;5
2654;1668477272771643638;6
2655;1668477272901262627;10
2656;1668477272995647887;8
2657;1668477273138318622;11
2658;1668477273238127393;7
2659;1668477273368358261;10
2660;1668477273470126672;8
2661;1668477273610611066;8
2662;1668477273776207350;9
2663;1668477273875818262;6
2664;1668477274016894229;10
2665;1668477274107893999;7
2666;1668477274245742461;11
2667;1668477274334018728;7
2668;1668477274437949447;11
2669;1668477274591234913;10
2670;1668477274678429289;7
2671;1668477274809944189;11
2672;1668477274917237989;8
2673;1668477275031903766;9
2674;1668477275171706031;9
2675;1668477275275203818;7
2676;1668477275433759472;10
2677;1668477275571327473;6
2678;1668477275669764458;7
2679;1668477275794452581;10
2680;1668477275897931675;8
2681;1668477276070116572;9
2682;1668477276170240807;6
2683;1668477276272396390;10
2684;1668477276402833205;10
2685;1668477276548108058;8
2686;1668477276651233081;7
2687;1668477276794645172;10
2688;1668477276926699486;7
2689;1668477277048528889;8
2690;1668477277212875413;8
2691;1668477277315965724;6
2692;1668477277469803893;7
2693;1668477277604499478;9
2694;1668477277707592686;8
2695;1668477277823877368;10
2696;1668477277915628981;6
2697;1668477278067331963;34
2698;1668477278151095248;7
2699;1668477278255330070;12
2700;1668477278395870992;7
2701;1668477278497870467;11
2702;1668477278603429951;10
2703;1668477278752933414;10
2704;1668477278909588211;7
2705;1668477279070190293;6
2706;1668477279166160360;6
2707;1668477279318930684;10
2708;1668477279424593143;7
2709;1668477279597068101;9
2710;1668477279695077997;6
2711;1668477279829462938;10
2712;1668477279922162605;7
2713;1668477280026921177;11
2714;1668477280182084381;7
2715;1668477280330569167;9
2716;1668477280438477282;7
2717;1668477280512751026;9
2718;1668477280665547433;14
2719;1668477280756651137;7
2720;1668477280858673483;11
2721;1668477280992271506;7
2722;1668477281134250070;10
2723;1668477281262725408;7
2724;1668477281391065627;8
2725;1668477281490905383;8
2726;1668477281775485967;10
2727;1668477281793197668;4
2728;1668477282001594376;59
2729;1668477282113142866;5
2730;1668477282212803736;8
2731;1668477282475409223;13
2732;1668477282639498713;4
2733;1668477282740660943;6
2734;1668477282878150057;10
2735;1668477283096498809;7
2736;1668477283114112059;5
2737;1668477283266301264;39
2738;1668477283362373818;7
2739;1668477283497744766;7
2740;1668477283594558177;11
2741;1668477283735996842;11
2742;1668477283850614195;7
2743;1668477284002858405;9
2744;1668477284144854790;7
2745;1668477284245264893;7
2746;1668477284408825453;10
2747;1668477284494468178;6
2748;1668477284591075742;12
2749;1668477284726824846;11
2750;1668477284840272782;7
2751;1668477284978455460;7
2752;1668477285082192165;10
2753;1668477285250663282;10
2754;1668477285350301832;6
2755;1668477285504004876;10
2756;1668477285619413868;7
2757;1668477285720555556;8
2758;1668477285849086934;10
2759;1668477285986786010;8
2760;1668477286091047954;7
2761;1668477286230880292;10
2762;1668477286330279811;7
2763;1668477286477225693;10
2764;1668477286577008115;7
2765;1668477286724990167;11
2766;1668477286828334003;7
2767;1668477286957618204;10
2768;1668477287069247169;8
2769;1668477287186663887;6
2770;1668477287314294083;13
2771;1668477287437033600;8
2772;1668477287573638400;8
2773;1668477287665835841;7
2774;1668477287768629545;11
2775;1668477287875257066;10
2776;1668477288010486078;9
2777;1668477288143839942;7
2778;1668477288228277014;7
2779;1668477288382086211;12
2780;1668477288537693710;7
2781;1668477288659421256;6
2782;1668477288810678651;8
2783;1668477288920127004;7
2784;1668477289049718664;10
2785;1668477289137462372;8
2786;1668477289286552129;10
2787;1668477289375582285;7
2788;1668477289523150707;10
2789;1668477289692395518;7
2790;1668477289789929780;6
2791;1668477289936057463;10
2792;1668477290042680913;6
2793;1668477290150926495;10
2794;1668477290285746641;10
2795;1668477290413706396;7
2796;1668477290530212578;8
2797;1668477290698432490;6
2798;1668477290802373263;8
2799;1668477290942085729;10
2800;1668477291080181453;7
2801;1668477291172831518;7
2802;1668477291285214665;11
2803;1668477291393645253;9
2804;1668477291530844686;7
2805;1668477291683198851;9
2806;1668477291774812083;6
2807;1668477291919174858;11
2808;1668477292028875084;7
2809;1668477292173346172;9
2810;1668477292318515738;7
2811;1668477292421632048;7
2812;1668477292700428021;10
2813;1668477292727816286;4
2814;1668477292902959236;37
2815;1668477293010240466;6
2816;1668477293154124116;9
2817;1668477293245708546;7
2818;1668477293393050223;11
2819;1668477293539910749;7
2820;1668477293634023771;7
2821;1668477293773520341;11
2822;1668477293876488088;7
2823;1668477294029083531;10
2824;1668477294120535419;7
2825;1668477294231218133;11
2826;1668477294328414261;9
2827;1668477294473235227;7
2828;1668477294640979785;8
2829;1668477294876539511;6
2830;1668477294891409265;4
2831;1668477295052477882;57
2832;1668477295194615681;5
2833;1668477295307812594;11
2834;1668477295415283109;9
2835;1668477295545604143;9
2836;1668477295661449142;8
2837;1668477295824561353;6
2838;1668477295910053992;9
2839;1668477296005523341;12
2840;1668477296145511602;10
2841;1668477296238337043;7
2842;1668477296340751313;10
2843;1668477296475639169;10
2844;1668477296629627025;7
2845;1668477296705129395;7
2846;1668477296810277772;13
2847;1668477296910482411;10
2848;1668477297056148064;10
2849;1668477297200094300;7
2850;1668477297290301016;7
2851;1668477297400445201;11
2852;1668477297537878862;6
2853;1668477297639339602;13
2854;1668477297779692114;10
2855;1668477297887864304;7
2856;1668477298001134896;9
2857;1668477298115471301;9
2858;1668477298262324304;7
2859;1668477298366860512;9
2860;1668477298514226736;9
2861;1668477298616348606;7
2862;1668477298726674628;10
2863;1668477298865173848;6
2864;1668477298951714037;11
2865;1668477299101542233;10
2866;1668477299197617516;7
2867;1668477299303625640;10
2868;1668477299448108648;7
2869;1668477299556929047;10
2870;1668477299692002409;7
2871;1668477299797589887;10
2872;1668477299900134948;10
2873;1668477300061783234;6
2874;1668477300142758742;9
2875;1668477300237018405;13
2876;1668477300338679413;10
2877;1668477300475994946;10
2878;1668477300583612421;7
2879;1668477300719792033;9
2880;1668477300894892430;7
2881;1668477300972442516;6
2882;1668477301068424469;12
2883;1668477301218244577;11
2884;1668477301324324418;7
2885;1668477301476226668;10
2886;1668477301576337178;7
2887;1668477301745817912;10
2888;1668477301831006952;6
2889;1668477301935460539;12
2890;1668477302074934705;10
2891;1668477302169446177;7
2892;1668477302276445042;10
2893;1668477302435061708;7
2894;1668477302599267550;9
2895;1668477302678996803;6
2896;1668477302833949515;12
2897;1668477302951173020;7
2898;1668477303097427223;8
2899;1668477303200167470;7
2900;1668477303298416383;10
2901;1668477303449641555;10
2902;1668477303541290839;6
2903;1668477303650347533;12
2904;1668477303790815344;9
2905;1668477304030966875;7
2906;1668477304209730898;4
2907;1668477304310051781;6
2908;1668477304417304084;10
2909;1668477304538531673;9
2910;1668477304682146928;8
2911;1668477304803680529;7
2912;1668477304933986609;6
2913;1668477305034149029;11
2914;1668477305179664861;10
2915;1668477305287112081;7
2916;1668477305420060731;9
2917;1668477305561760682;8
2918;1668477305685732128;7
2919;1668477305796234178;8
2920;1668477305966394531;9
2921;1668477306000914549;6
2922;1668477306147784445;29
2923;1668477306246191024;7
2924;1668477306397188335;10
2925;1668477306501727612;7
2926;1668477306649106972;7
2927;1668477306801194976;9
2928;1668477306907569920;7
2929;1668477307011894005;9
2930;1668477307145649499;7
2931;1668477307250761880;10
2932;1668477307387912098;9
2933;1668477307482382757;7
2934;1668477307640246785;12
2935;1668477307732316652;6
2936;1668477307840721619;12
2937;1668477307980006513;9
2938;1668477308081186145;7
2939;1668477308236857757;11
2940;1668477308327796180;6
2941;1668477308436221404;12
2942;1668477308580192100;6
2943;1668477308680346700;11
2944;1668477308883701149;10
2945;1668477308979186636;5
2946;1668477309137315774;10
2947;1668477309294836283;6
2948;1668477309437840437;6
2949;1668477309541704678;7
2950;1668477309691111956;9
2951;1668477309797763849;6
2952;1668477309947877721;7
2953;1668477310055875346;8
2954;1668477310160877748;11
2955;1668477310303082761;9
2956;1668477310405816754;7
2957;1668477310559085404;10
2958;1668477310653818177;7
2959;1668477310781160687;10
2960;1668477310889779740;8
2961;1668477310996721527;9
2962;1668477311132269736;9
2963;1668477311252813037;7
2964;1668477311396773804;8
2965;1668477311485458562;7
2966;1668477311585645206;11
2967;1668477311724043977;7
2968;1668477311827590310;10
2969;1668477311952672631;10
2970;1668477312056686544;8
2971;1668477312163715549;10
2972;1668477312290746392;9
2973;1668477312409968412;8
2974;1668477312549142181;8
2975;1668477312652046767;7
2976;1668477312760440172;10
2977;1668477312904160980;7
2978;1668477312988158415;9
2979;1668477313097276605;12
2980;1668477313240630689;6
2981;1668477313411121473;10
2982;1668477313525562799;6
2983;1668477313585451136;8
2984;1668477313699958068;18
2985;1668477313830052051;7
2986;1668477313960925512;11
2987;1668477314037711174;8
2988;1668477314175493473;13
2989;1668477314274122894;7
2990;1668477314385689230;10
2991;1668477314518114182;9
2992;1668477314628822285;8
2993;1668477314909740584;9
2994;1668477315106467707;4
2995;1668477315205980833;5
2996;1668477315335107428;10
2997;1668477315427301126;8
2998;1668477315569859572;11
2999;1668477315676484785;7
3000;1668477315820656904;9
3001;1668477315915622315;7
3002;1668477316065566261;11
3003;1668477316161057748;6
3004;1668477316304598578;11
3005;1668477316400388100;7
3006;1668477316540051505;11
3007;1668477316687169533;7
3008;1668477316799088387;7
3009;1668477317025478781;9
3010;1668477317161800059;4
3011;1668477317263688836;8
3012;1668477317411289437;7
3013;1668477317543645427;10
3014;1668477317645406438;7
3015;1668477317789308770;10
3016;1668477317905060253;7
3017;1668477318049816209;9
3018;1668477318197857385;7
3019;1668477318308215859;7
3020;1668477318442234673;9
3021;1668477318549520371;8
3022;1668477318700162963;9
3023;1668477318832655436;7
3024;1668477318949005063;8
3025;1668477319092731109;9
3026;1668477319194346317;7
3027;1668477319324710876;10
3028;1668477319431613781;7
3029;1668477319534872181;10
3030;1668477319677758030;10
3031;1668477319823088260;7
3032;1668477319927148265;7
3033;1668477320027635048;10
3034;1668477320156137645;9
3035;1668477320259457670;8
3036;1668477320360545379;10
3037;1668477320497965591;7
3038;1668477320602684636;9
3039;1668477320733500487;10
3040;1668477320837142256;8
3041;1668477320980235836;7
3042;1668477321154113485;9
3043;1668477321249985378;6
3044;1668477321376599805;11
3045;1668477321492301634;8
3046;1668477321631893861;9
3047;1668477321722388306;7
3048;1668477321855810289;11
3049;1668477321976853105;8
3050;1668477322079748022;8
3051;1668477322234730986;10
3052;1668477322340066278;6
3053;1668477322421606811;10
3054;1668477322507872719;12
3055;1668477322675846263;12
3056;1668477322765445243;6
3057;1668477322863144960;11
3058;1668477322966676914;10
3059;1668477323107588122;10
3060;1668477323217415792;7
3061;1668477323371962164;9
3062;1668477323481729974;6
3063;1668477323615761169;9
3064;1668477323724428550;7
3065;1668477323828937175;9
3066;1668477323963259089;7
3067;1668477324072444535;11
3068;1668477324222557375;9
3069;1668477324325070325;7
3070;1668477324469638206;10
3071;1668477324589629870;7
3072;1668477324738607284;8
3073;1668477324835545329;7
3074;1668477324941246682;10
3075;1668477325083725731;10
3076;1668477325177497911;7
3077;1668477325336625829;7
3078;1668477325428461606;8
3079;1668477325569626311;7
3080;1668477325672732843;11
3081;1668477325970901001;10
3082;1668477326193148869;3
3083;1668477326288618594;4
3084;1668477326396938622;11
3085;1668477326524228373;9
3086;1668477326625292673;8
3087;1668477326777963246;10
3088;1668477326865489180;7
3089;1668477326971382355;11
3090;1668477327100719940;8
3091;1668477327257802319;10
3092;1668477327365325891;6
3093;1668477327502556414;9
3094;1668477327591865688;7
3095;1668477327723842378;11
3096;1668477327838002928;7
3097;1668477327998456125;9
3098;1668477328084335220;6
3099;1668477328225769441;12
3100;1668477328326067805;7
3101;1668477328467528885;10
3102;1668477328563888337;7
3103;1668477328667998864;11
3104;1668477328825452676;9
3105;1668477328982258210;6
3106;1668477329075982171;6
3107;1668477329229649399;11
3108;1668477329335561097;6
3109;1668477329476590908;7
3110;1668477329566633142;9
3111;1668477329706952710;11
3112;1668477329816087338;7
3113;1668477329947518519;9
3114;1668477330079150222;8
3115;1668477330185485126;8
3116;1668477330334698517;9
3117;1668477330433506726;7
3118;1668477330563446476;10
3119;1668477330713124608;8
3120;1668477330814600778;7
3121;1668477330961401670;10
3122;1668477331063185216;7
3123;1668477331203296587;10
3124;1668477331308701927;7
3125;1668477331463042647;9
3126;1668477331558446829;7
3127;1668477331697141239;10
3128;1668477331784991808;7
3129;1668477331931188061;11
3130;1668477332050881565;7
3131;1668477332182236419;8
3132;1668477332271275324;8
3133;1668477332430471325;11
3134;1668477332558401009;6
3135;1668477332665480210;8
3136;1668477332822236657;9
3137;1668477332918948466;6
3138;1668477333024165293;10
3139;1668477333168366036;10
3140;1668477333322415471;7
3141;1668477333432378245;6
3142;1668477333582022953;9
3143;1668477333694921041;7
3144;1668477333828876817;9
3145;1668477333937536535;7
3146;1668477334079172184;10
3147;1668477334174047783;7
3148;1668477334305846004;11
3149;1668477334416114166;8
3150;1668477334562957829;6
3151;1668477334663232201;11
3152;1668477334767746982;10
3153;1668477334898214704;9
3154;1668477335000994736;8
3155;1668477335143655436;10
3156;1668477335241493972;7
3157;1668477335349590892;10
3158;1668477335496441318;9
3159;1668477335582762575;7
3160;1668477335686551448;12
3161;1668477335835873911;10
3162;1668477335933462214;7
3163;1668477336079420797;10
3164;1668477336189209760;7
3165;1668477336320358264;9
3166;1668477336420567120;7
3167;1668477336714766213;11
3168;1668477336817359464;3
3169;1668477336953593498;7
3170;1668477337048455679;12
3171;1668477337188791065;11
3172;1668477337338043256;7
3173;1668477337432157031;7
3174;1668477337529579456;7
3175;1668477337636497801;9
3176;1668477337786880759;24
3177;1668477337874835839;7
3178;1668477338024585746;11
3179;1668477338127763337;7
3180;1668477338281102077;10
3181;1668477338424465407;6
3182;1668477338531697189;7
3183;1668477338628741565;9
3184;1668477338777531137;7
3185;1668477338870030511;10
3186;1668477339009397855;11
3187;1668477339145265123;7
3188;1668477339336063355;7
3189;1668477339465120935;5
3190;1668477339568679781;8
3191;1668477339713985975;10
3192;1668477339813335794;7
3193;1668477339923336016;10
3194;1668477340052357158;7
3195;1668477340158279685;11
3196;1668477340372403002;7
3197;1668477340465897805;6
3198;1668477340570467095;11
3199;1668477340712239577;10
3200;1668477340805336236;7
3201;1668477340943400719;11
3202;1668477341064542790;7
3203;1668477341196282832;8
3204;1668477341301667915;8
3205;1668477341430911764;9
3206;1668477341535261224;8
3207;1668477341677715640;10
3208;1668477341791059103;7
3209;1668477341897223741;9
3210;1668477342016639880;8
3211;1668477342118266358;10
3212;1668477342276256674;7
3213;1668477342407858659;9
3214;1668477342506996863;8
3215;1668477342653993862;10
3216;1668477342827526554;7
3217;1668477342928740641;6
3218;1668477343050381682;8
3219;1668477343199568610;10
3220;1668477343315996119;7
3221;1668477343418914795;8
3222;1668477343557421559;10
3223;1668477343651253025;7
3224;1668477343798846115;11
3225;1668477343898222304;7
3226;1668477344005832127;10
3227;1668477344150444871;9
3228;1668477344340359818;7
3229;1668477344361284631;5
3230;1668477344468813507;49
3231;1668477344603882186;6
3232;1668477344697930142;12
3233;1668477344839941432;11
3234;1668477344950029922;7
3235;1668477345102454961;9
3236;1668477345222596390;7
3237;1668477345351015104;8
3238;1668477345465689687;8
3239;1668477345616538127;9
3240;1668477345718838696;6
3241;1668477345852930830;10
3242;1668477346012515297;8
3243;1668477346129925530;6
3244;1668477346229001859;9
3245;1668477346333541208;10
3246;1668477346469460327;7
3247;1668477346612565299;10
3248;1668477346724514125;7
3249;1668477346829045816;9
3250;1668477346932547940;10
3251;1668477347060951725;10
3252;1668477347173112579;8
3253;1668477347449796962;7
3254;1668477347593465747;4
3255;1668477347700171495;7
3256;1668477347844948727;9
3257;1668477347977300150;7
3258;1668477348130569731;8
3259;1668477348221819754;6
3260;1668477348364524419;11
3261;1668477348464754311;7
3262;1668477348655714760;10
3263;1668477348831226631;5
3264;1668477348940737171;5
3265;1668477349090316290;10
3266;1668477349187905039;7
3267;1668477349320151519;10
3268;1668477349496127314;8
3269;1668477349524536537;6
3270;1668477349620695279;37
3271;1668477349752525987;11
3272;1668477349889272134;7
3273;1668477350060411856;8
3274;1668477350084102889;6
3275;1668477350188820941;40
3276;1668477350325118358;10
3277;1668477350449099730;7
3278;1668477350536807122;8
3279;1668477350688608308;10
3280;1668477350789928351;7
3281;1668477350928446058;10
3282;1668477351054851871;7
3283;1668477351170058538;8
3284;1668477351310816796;9
3285;1668477351393920294;7
3286;1668477351541093791;12
3287;1668477351677627739;7
3288;1668477351803482174;7
3289;1668477351917212070;8
3290;1668477352040790721;6
3291;1668477352116774938;13
3292;1668477352262485571;13
3293;1668477352362614022;7
3294;1668477352462827317;10
3295;1668477352614006902;10
3296;1668477352698151059;7
3297;1668477352803368635;12
3298;1668477352949541369;7
3299;1668477353051505784;9
3300;1668477353188003365;10
3301;1668477353277113263;7
3302;1668477353415989645;11
3303;1668477353515840455;7
3304;1668477353641900401;10
3305;1668477353781347315;8
3306;1668477353908788172;7
3307;1668477354065400518;8
3308;1668477354152587505;6
3309;1668477354282389054;12
3310;1668477354384228405;8
3311;1668477354513624219;10
3312;1668477354624105782;8
3313;1668477354776807258;9
3314;1668477354886563938;7
3315;1668477354986143614;9
3316;1668477355090517386;10
3317;1668477355187082986;6
3318;1668477355287315114;24
3319;1668477355388666655;10
3320;1668477355534590618;10
3321;1668477355623262585;7
3322;1668477355765221628;11
3323;1668477355865058642;7
3324;1668477355965642539;10
3325;1668477356070142809;10
3326;1668477356191377943;7
3327;1668477356343300378;10
3328;1668477356447464095;7
3329;1668477356554181948;10
3330;1668477356687189716;10
3331;1668477356785563123;8
3332;1668477356933421403;10
3333;1668477357051477222;7
3334;1668477357196814775;9
3335;1668477357294455876;7
3336;1668477357435962409;10
3337;1668477357559252311;7
3338;1668477357660075755;8
3339;1668477357800473685;6
3340;1668477357899780644;12
3341;1668477358035253771;10
3342;1668477358104252892;7
3343;1668477358341910117;14
3344;1668477358520528776;3
3345;1668477358632238926;40
3346;1668477358768314886;9
3347;1668477358852742879;7
3348;1668477359007442795;12
3349;1668477359105721795;6
3350;1668477359239453356;10
3351;1668477359346241690;8
3352;1668477359485908024;9
3353;1668477359588781253;7
3354;1668477359692130889;9
3355;1668477359835170292;8
3356;1668477359975666557;8
3357;1668477360070776183;7
3358;1668477360179418029;11
3359;1668477360323272568;7
3360;1668477360534968428;9
3361;1668477360640005797;5
3362;1668477360777777151;9
3363;1668477360873347983;7
3364;1668477361021334265;11
3365;1668477361183085418;7
3366;1668477361270609282;6
3367;1668477361401289910;11
3368;1668477361501069216;7
3369;1668477361610487333;10
3370;1668477361761440652;9
3371;1668477361851677592;7
3372;1668477361998403693;11
3373;1668477362098684587;7
3374;1668477362234351924;10
3375;1668477362340599018;8
3376;1668477362435958126;9
3377;1668477362569987443;11
3378;1668477362700489406;7
3379;1668477362820243774;8
3380;1668477362962444984;8
3381;1668477363059230439;7
3382;1668477363192436058;10
3383;1668477363298486174;8
3384;1668477363450407887;9
3385;1668477363552607107;7
3386;1668477363659673719;10
3387;1668477363814073537;9
3388;1668477363956843341;6
3389;1668477364071659789;7
3390;1668477364177982987;9
3391;1668477364332526229;9
3392;1668477364433404879;7
3393;1668477364589295852;10
3394;1668477364682842305;6
3395;1668477364818066085;11
3396;1668477364919792869;7
3397;1668477365045406506;10
3398;1668477365153647334;8
3399;1668477365258999070;9
3400;1668477365385361761;6
3401;1668477365482235619;13
3402;1668477365611751316;10
3403;1668477365733522995;8
3404;1668477365889085827;8
3405;1668477365984563424;7
3406;1668477366138981867;10
3407;1668477366234785017;6
3408;1668477366340909027;10
3409;1668477366483238596;9
3410;1668477366587716044;7
3411;1668477366718266581;7
3412;1668477366824655392;10
3413;1668477366998031168;10
3414;1668477367075867662;6
3415;1668477367175115680;13
3416;1668477367319720483;10
3417;1668477367428430369;7
3418;1668477367570604365;9
3419;1668477367664020862;7
3420;1668477367817243445;11
3421;1668477367926223727;6
3422;1668477368072861784;9
3423;1668477368189665849;7
3424;1668477368324785639;9
3425;1668477368425759237;7
3426;1668477368567299545;10
3427;1668477368688695646;7
3428;1668477368833447610;8
3429;1668477368922826587;7
3430;1668477369029859173;11
3431;1668477369245792574;3
3432;1668477369674971357;46
3433;1668477369758781175;2
3434;1668477369839477814;12
3435;1668477369943276668;12
3436;1668477370041255742;10
3437;1668477370184482881;7
3438;1668477370325716010;9
3439;1668477370451820090;7
3440;1668477370620609368;8
3441;1668477370703360173;6
3442;1668477370804006652;12
3443;1668477370961306959;10
3444;1668477371047360994;7
3445;1668477371137216579;12
3446;1668477371243342853;11
3447;1668477371391712394;7
3448;1668477371547979354;8
3449;1668477371680154850;7
3450;1668477371783550430;7
3451;1668477371918897247;10
3452;1668477372075076457;8
3453;1668477372173912644;6
3454;1668477372325263293;10
3455;1668477372429376911;7
3456;1668477372560385627;10
3457;1668477372656631800;7
3458;1668477372794287241;11
3459;1668477372917577269;7
3460;1668477373044357432;8
3461;1668477373154321276;8
3462;1668477373306178075;9
3463;1668477373415400344;7
3464;1668477373570477460;9
3465;1668477373664701206;6
3466;1668477373831970137;10
3467;1668477373935834122;6
3468;1668477374036736292;10
3469;1668477374254152956;10
3470;1668477374357487128;5
3471;1668477374499638981;10
3472;1668477374585609955;7
3473;1668477374760414340;12
3474;1668477374853613476;6
3475;1668477375048034718;11
3476;1668477375151787412;5
3477;1668477375260675467;10
3478;1668477375388941597;9
3479;1668477375489792468;8
3480;1668477375640047627;10
3481;1668477375765026563;7
3482;1668477375875154130;8
3483;1668477376010504680;9
3484;1668477376109687426;7
3485;1668477376213930355;10
3486;1668477376312656607;10
3487;1668477376779112287;8
3488;1668477376872392776;2
3489;1668477376971808214;11
3490;1668477377153769944;10
3491;1668477377256571144;6
3492;1668477377394105288;9
3493;1668477377565159381;8
3494;1668477377658702583;6
3495;1668477377797717154;11
3496;1668477377892241814;7
3497;1668477378055353379;11
3498;1668477378160692407;6
3499;1668477378271972478;10
3500;1668477378390744454;9
3501;1668477378536338991;8
3502;1668477378657315771;7
3503;1668477378758379984;8
3504;1668477378908119484;10
3505;1668477379065537915;7
3506;1668477379182439562;6
3507;1668477379284381967;9
3508;1668477379414894230;10
3509;1668477379515463572;8
3510;1668477379658279656;10
3511;1668477379763952440;7
3512;1668477379868677773;9
3513;1668477379976430901;10
3514;1668477380106779528;8
3515;1668477380248641112;9
3516;1668477380343671112;7
3517;1668477380542253516;4
3518;1668477380679555336;46
3519;1668477380829853259;7
3520;1668477380935902493;7
3521;1668477381081457243;9
3522;1668477381173824510;7
3523;1668477381300395202;11
3524;1668477381421631778;8
3525;1668477381565500592;8
3526;1668477381676398183;7
3527;1668477381805136547;9
3528;1668477381902305253;8
3529;1668477382006910234;11
3530;1668477382148644590;10
3531;1668477382240136294;7
3532;1668477382376635170;11
3533;1668477382478975252;7
3534;1668477382636649822;10
3535;1668477382742048959;6
3536;1668477382879018733;6
3537;1668477382971983989;11
3538;1668477383119117225;11
3539;1668477383235786293;7
3540;1668477383345581692;8
3541;1668477383471656498;9
3542;1668477383596815782;8
3543;1668477383704149566;8
3544;1668477383811908148;9
3545;1668477383920697659;9
3546;1668477384055258532;9
3547;1668477384185701554;7
3548;1668477384322774729;8
3549;1668477384468470843;7
3550;1668477384564966215;7
3551;1668477384692572004;8
3552;1668477384839498438;10
3553;1668477384953444263;7
3554;1668477385094412120;9
3555;1668477385185239056;7
3556;1668477385324815287;11
3557;1668477385400072115;7
3558;1668477385561458238;13
3559;1668477385645593737;6
3560;1668477385739802911;12
3561;1668477385867412839;11
3562;1668477385985023795;8
3563;1668477386086769176;8
3564;1668477386221643325;10
3565;1668477386318670146;7
3566;1668477386460680262;10
3567;1668477386812608660;7
3568;1668477386918789050;3
3569;1668477387056253394;10
3570;1668477387153110542;7
3571;1668477387278937592;10
3572;1668477387366298363;8
3573;1668477387471356927;11
3574;1668477387600906287;10
3575;1668477387713410456;8
3576;1668477387855675501;9
3577;1668477387954246373;7
3578;1668477388095700373;10
3579;1668477388184248232;7
3580;1668477388292226661;10
3581;1668477388427651706;10
3582;1668477388520399803;7
3583;1668477388668860119;11
3584;1668477388765092309;7
3585;1668477388903477278;10
3586;1668477389005120166;7
3587;1668477389139205704;10
3588;1668477389286379085;7
3589;1668477389370170607;7
3590;1668477389491298929;12
3591;1668477389577989289;8
3592;1668477389696811685;11
3593;1668477389844154088;6
3594;1668477389920382537;10
3595;1668477390043794326;13
3596;1668477390144307997;8
3597;1668477390259638890;10
3598;1668477390344895598;9
3599;1668477390463817449;11
