FrameId;SendingTime;Fps
0;1668476945285330280;0
1;1668476945685072454;2
2;1668476946057805420;83
3;1668476946153300335;3
4;1668476946281526153;10
5;1668476946380617783;8
6;1668476946478868067;10
7;1668476946632590118;7
8;1668476946730666766;9
9;1668476946832581798;10
10;1668476946933788722;10
11;1668476947084118357;7
12;1668476947214633856;9
13;1668476947358826129;8
14;1668476947466361250;7
15;1668476947605750657;9
16;1668476947706515047;7
17;1668476947851314099;9
18;1668476947954165608;7
19;1668476948056009872;10
20;1668476948193842268;7
21;1668476948317435951;10
22;1668476948417094069;8
23;1668476948604299033;10
24;1668476948704999049;5
25;1668476948807648725;10
26;1668476948952238173;7
27;1668476949052479266;10
28;1668476949179296831;10
29;1668476949280871360;8
30;1668476949405525373;10
31;1668476949506944317;8
32;1668476949608586942;10
33;1668476949707426367;10
34;1668476949839082678;10
35;1668476949940161509;8
36;1668476950068196344;10
37;1668476950171378977;8
38;1668476950273400696;10
39;1668476950404720769;10
40;1668476950505689799;8
41;1668476950607471913;10
42;1668476950760144238;10
43;1668476950870119330;7
44;1668476951015974319;9
45;1668476951119362013;7
46;1668476951299767885;10
47;1668476951404729627;6
48;1668476951548500799;9
49;1668476951648306787;7
50;1668476951800504543;7
51;1668476951922240896;9
52;1668476952025036516;8
53;1668476952131717978;10
54;1668476952267528703;9
55;1668476952371524747;7
56;1668476952472597894;10
57;1668476952675826495;7
58;1668476953007305312;7
59;1668476953155543948;3
60;1668476953258976054;7
61;1668476953369238129;10
62;1668476953487854892;9
63;1668476953595591870;8
64;1668476953747356900;7
65;1668476953853804268;9
66;1668476953953811508;10
67;1668476954091607521;10
68;1668476954191893839;7
69;1668476954339017658;10
70;1668476954445346975;7
71;1668476954579204118;9
72;1668476954683844556;8
73;1668476954835437256;7
74;1668476954979187022;9
75;1668476955084526278;7
76;1668476955220142752;10
77;1668476955367084971;7
78;1668476955470921483;7
79;1668476955575372520;10
80;1668476955679502528;10
81;1668476955779962512;10
82;1668476955974891472;7
83;1668476956077605303;7
84;1668476956183569468;9
85;1668476956303712763;10
86;1668476956450530443;6
87;1668476956610087082;10
88;1668476956712358163;6
89;1668476956835701351;10
90;1668476956941629047;8
91;1668476957113905320;9
92;1668476957218976257;6
93;1668476957334987871;9
94;1668476957468820901;9
95;1668476957571184430;7
96;1668476957675694797;10
97;1668476957832635697;6
98;1668476957937957995;10
99;1668476958083328039;9
100;1668476958186445801;7
101;1668476958345001043;10
102;1668476958458476939;6
103;1668476958565855249;9
104;1668476958714434630;7
105;1668476958818818209;10
106;1668476958921895221;10
107;1668476959073905490;7
108;1668476959187969440;10
109;1668476959358561074;6
110;1668476959461990073;8
111;1668476959567524535;10
112;1668476959727021790;6
113;1668476959836326091;10
114;1668476959979443727;7
115;1668476960085586955;10
116;1668476960240397529;9
117;1668476960342790670;7
118;1668476960446194412;10
119;1668476960595015838;7
120;1668476960695548595;10
121;1668476960846530225;7
122;1668476960983482644;10
123;1668476961084026447;7
124;1668476961188184791;10
125;1668476961355784622;9
126;1668476961464975924;6
127;1668476961615045797;9
128;1668476961719916192;7
129;1668476961878493532;6
130;1668476961985067598;9
131;1668476962092624961;9
132;1668476962239238212;10
133;1668476962347857748;7
134;1668476962481829984;9
135;1668476962583152643;8
136;1668476962716433625;10
137;1668476962828012699;7
138;1668476962979119114;9
139;1668476963082946266;7
140;1668476963186987700;10
141;1668476963316422235;9
142;1668476963417353061;8
143;1668476963567420497;10
144;1668476963673522728;7
145;1668476963778310396;9
146;1668476963930390683;10
147;1668476964031742723;7
148;1668476964131757193;10
149;1668476964315031905;10
150;1668476964464332636;5
151;1668476964566180972;7
152;1668476964682546385;10
153;1668476964826400868;9
154;1668476964929397681;7
155;1668476965033706747;10
156;1668476965176153700;10
157;1668476965282775109;7
158;1668476965388541055;9
159;1668476965489631608;9
160;1668476965594444916;10
161;1668476965699168119;9
162;1668476965861881579;7
163;1668476965969205448;9
164;1668476966071698685;9
165;1668476966173777215;10
166;1668476966276159262;10
167;1668476966377057230;10
168;1668476966545812695;6
169;1668476966652662136;10
170;1668476966757417183;9
171;1668476966859586190;10
172;1668476966962527960;10
173;1668476967069592435;10
174;1668476967174119643;10
175;1668476967276751561;10
176;1668476967386351942;9
177;1668476967530349569;9
178;1668476967638180349;7
179;1668476967794013832;9
180;1668476967896964284;7
181;1668476968002143087;10
182;1668476968139051711;7
183;1668476968242348683;10
184;1668476968383214244;7
185;1668476968485751596;10
186;1668476968682105209;5
187;1668476968830430272;9
188;1668476968935585837;7
189;1668476969039118993;10
190;1668476969146829064;9
191;1668476969268518828;9
192;1668476969461667754;8
193;1668476969584866107;5
194;1668476969696477051;9
195;1668476969796855646;9
196;1668476969900113365;10
197;1668476970003426904;10
198;1668476970109579207;10
199;1668476970217244652;9
200;1668476970330425301;9
201;1668476970432355179;9
202;1668476970535173689;10
203;1668476970699078486;10
204;1668476970803470368;6
205;1668476970905199821;10
206;1668476971006527114;10
207;1668476971112654598;10
208;1668476971245940981;9
209;1668476971350311062;8
210;1668476971455385327;9
211;1668476971605887403;7
212;1668476971744188794;10
213;1668476971847240799;7
214;1668476972014445222;9
215;1668476972121948806;6
216;1668476972249324560;10
217;1668476972351557734;8
218;1668476972482156464;10
219;1668476972589840469;8
220;1668476972700325503;8
221;1668476972801045877;10
222;1668476972949748919;7
223;1668476973104704302;6
224;1668476973206884307;10
225;1668476973344122916;10
226;1668476973446700569;7
227;1668476973547430553;10
228;1668476973690211163;7
229;1668476973792186364;10
230;1668476973915791821;10
231;1668476974018385357;8
232;1668476974159819374;10
233;1668476974265595721;7
234;1668476974369586577;10
235;1668476974516499331;10
236;1668476974621095669;7
237;1668476974786613745;6
238;1668476974888459079;10
239;1668476975023996687;10
240;1668476975128581490;7
241;1668476975270883869;9
242;1668476975376752810;7
243;1668476975481093607;10
244;1668476975619828442;9
245;1668476975723572652;7
246;1668476975842185425;10
247;1668476975944831264;8
248;1668476976146385242;9
249;1668476976291227938;5
250;1668476976393054066;7
251;1668476976544268257;9
252;1668476976647252750;7
253;1668476976785988310;9
254;1668476976891799484;7
255;1668476977036249549;9
256;1668476977140285738;7
257;1668476977241498977;10
258;1668476977345213848;10
259;1668476977479049072;10
260;1668476977588220846;8
261;1668476977768334428;5
262;1668476977904577065;9
263;1668476978009299085;7
264;1668476978163938308;9
265;1668476978268415676;7
266;1668476978369446003;10
267;1668476978475626819;10
268;1668476978607516776;7
269;1668476978766031311;10
270;1668476978871366008;6
271;1668476979037471261;10
272;1668476979160872687;6
273;1668476979319710900;8
274;1668476979424742434;6
275;1668476979569037012;10
276;1668476979673651782;7
277;1668476979809229485;10
278;1668476979916265981;7
279;1668476980021364751;10
280;1668476980163364359;10
281;1668476980266171741;7
282;1668476980390800072;10
283;1668476980494618971;8
284;1668476980647107654;10
285;1668476980752081661;7
286;1668476980857850329;9
287;1668476980990925312;8
288;1668476981092941799;10
289;1668476981233460028;10
290;1668476981342814078;7
291;1668476981480797786;9
292;1668476981584827854;7
293;1668476981689634833;10
294;1668476981793746901;10
295;1668476981932239585;10
296;1668476982052106541;7
297;1668476982190679948;6
298;1668476982292474180;10
299;1668476982452989375;7
300;1668476982587117725;8
301;1668476982691766778;8
302;1668476982793927770;10
303;1668476982936214186;7
304;1668476983075014710;10
305;1668476983184737256;7
306;1668476983330797666;9
307;1668476983436424003;7
308;1668476983567641877;8
309;1668476983668704293;10
310;1668476983812649741;7
311;1668476983916317609;10
312;1668476984024042281;10
313;1668476984171897566;7
314;1668476984272462137;10
315;1668476984403571658;10
316;1668476984506147222;8
317;1668476984608168687;10
318;1668476984731565892;10
319;1668476984833248368;8
320;1668476984935741158;10
321;1668476985067856714;10
322;1668476985167721995;8
323;1668476985283035860;10
324;1668476985383844426;9
325;1668476985484830406;10
326;1668476985638199118;9
327;1668476985743279819;7
328;1668476985890731182;9
329;1668476985994121798;7
330;1668476986129859743;10
331;1668476986234601122;7
332;1668476986366591046;9
333;1668476986484188423;7
334;1668476986624640278;9
335;1668476986728263396;7
336;1668476986857947433;10
337;1668476987082188839;8
338;1668476987255202741;4
339;1668476987359762610;6
340;1668476987461638962;10
341;1668476987608592273;10
342;1668476987714861431;7
343;1668476987839310071;9
344;1668476987944104171;8
345;1668476988048559354;10
346;1668476988200681234;7
347;1668476988307445307;10
348;1668476988433759178;9
349;1668476988543450761;7
350;1668476988647901213;10
351;1668476988787193505;7
352;1668476988889811905;10
353;1668476989000368375;10
354;1668476989101103679;9
355;1668476989209145421;10
356;1668476989357784256;9
357;1668476989461682526;7
358;1668476989611404440;10
359;1668476989771376099;7
360;1668476989874138246;6
361;1668476989980751788;9
362;1668476990086198211;9
363;1668476990225481068;7
364;1668476990327644387;10
365;1668476990468646092;10
366;1668476990571933142;7
367;1668476990674606910;10
368;1668476990836004003;10
369;1668476990940014258;6
370;1668476991044456345;10
371;1668476991175780839;10
372;1668476991280152068;8
373;1668476991412151557;10
374;1668476991516379309;7
375;1668476991671834891;9
376;1668476991777953261;7
377;1668476991895956839;9
378;1668476991998108182;8
379;1668476992143382404;10
380;1668476992250695581;7
381;1668476992372138488;9
382;1668476992474785538;8
383;1668476992633531244;10
384;1668476992733852829;6
385;1668476992836438841;10
386;1668476992981597822;7
387;1668476993120815554;9
388;1668476993222451046;7
389;1668476993327498280;10
390;1668476993431330089;10
391;1668476993571777507;7
392;1668476993719237435;7
393;1668476993827221305;9
394;1668476993928117026;9
395;1668476994072433057;7
396;1668476994214591225;9
397;1668476994322467267;7
398;1668476994468018859;8
399;1668476994578449601;8
400;1668476994711755083;9
401;1668476994865707229;8
402;1668476994970904931;6
403;1668476995120612668;10
404;1668476995230593046;7
405;1668476995353726175;9
406;1668476995454014080;8
407;1668476995572439462;10
408;1668476995687283607;9
409;1668476995791936284;8
410;1668476995892865337;10
411;1668476996019679929;8
412;1668476996131217540;10
413;1668476996247123679;9
414;1668476996349788272;9
415;1668476996458151860;10
416;1668476996561017778;9
417;1668476996669969915;10
418;1668476996784891825;9
419;1668476996894150670;8
420;1668476997102750633;9
421;1668476997267276873;5
422;1668476997403296033;6
423;1668476997530165909;7
424;1668476997634964752;8
425;1668476997735486388;10
426;1668476997837152028;10
427;1668476997962699926;10
428;1668476998067937319;8
429;1668476998181272111;10
430;1668476998283351276;9
431;1668476998386928613;10
432;1668476998493156973;10
433;1668476998609979219;9
434;1668476998710553186;9
435;1668476998818668521;10
436;1668476998920779633;9
437;1668476999024874368;10
438;1668476999136898217;9
439;1668476999253183689;9
440;1668476999383401223;9
441;1668476999486354445;8
442;1668476999623956964;8
443;1668476999750287430;9
444;1668476999853674047;8
445;1668476999959660871;10
446;1668477000063416294;10
447;1668477000176001845;10
448;1668477000280313544;9
449;1668477000396151383;10
450;1668477000557938625;6
451;1668477000693781149;9
452;1668477000797348473;8
453;1668477000966752413;7
454;1668477001114472211;6
455;1668477001238626478;9
456;1668477001345438457;8
457;1668477001452979904;9
458;1668477001625680776;7
459;1668477001743610794;8
460;1668477001856011980;8
461;1668477001956811764;9
462;1668477002065139657;10
463;1668477002172822280;9
464;1668477002289025904;9
465;1668477002398100348;9
466;1668477002502230596;9
467;1668477002686781083;9
468;1668477002831655338;5
469;1668477002933504683;7
470;1668477003038794238;10
471;1668477003161972264;9
472;1668477003262442421;8
473;1668477003363008107;10
474;1668477003466108554;10
475;1668477003607725571;7
476;1668477003749836243;10
477;1668477003851394184;7
478;1668477004007791178;10
479;1668477004113668703;6
480;1668477004230566136;9
481;1668477004332674319;9
482;1668477004437297737;10
483;1668477004553910432;10
484;1668477004655826193;9
485;1668477004860763886;10
486;1668477004975964343;5
487;1668477005193616423;9
488;1668477005369225656;4
489;1668477005482771421;6
490;1668477005615049751;9
491;1668477005720308199;7
492;1668477005859232576;7
493;1668477005962683315;9
494;1668477006103649176;7
495;1668477006205171246;10
496;1668477006346142436;10
497;1668477006446972717;7
498;1668477006547874641;10
499;1668477006678553780;10
500;1668477006779674625;8
501;1668477006882026553;10
502;1668477007003392385;10
503;1668477007108119282;8
504;1668477007211944091;10
505;1668477007357823142;9
506;1668477007554195681;7
507;1668477007673645798;5
508;1668477007780880407;8
509;1668477007932001937;7
510;1668477008042051819;9
511;1668477008181711973;9
512;1668477008286655554;7
513;1668477008421431395;9
514;1668477008523603021;8
515;1668477008657886660;9
516;1668477008759797762;8
517;1668477008911217809;7
518;1668477009017980728;9
519;1668477009156083688;7
520;1668477009291576135;10
521;1668477009393110152;8
522;1668477009496753237;10
523;1668477009646670228;10
524;1668477009763421436;6
525;1668477009904362331;9
526;1668477010005958584;7
527;1668477010107873258;10
528;1668477010248680028;7
529;1668477010355109028;9
530;1668477010511524037;10
531;1668477010611614671;7
532;1668477010712189417;10
533;1668477010849272851;8
534;1668477010952306093;9
535;1668477011111582681;6
536;1668477011242127510;10
537;1668477011353798513;7
538;1668477011494695982;9
539;1668477011602751470;7
540;1668477011755540955;7
541;1668477011881580045;9
542;1668477011988376212;8
543;1668477012092054287;10
544;1668477012250187729;6
545;1668477012381359112;9
546;1668477012484987046;8
547;1668477012605905354;10
548;1668477012706862394;8
549;1668477012807972432;10
550;1668477012908308915;10
551;1668477013053767453;7
552;1668477013186755731;10
553;1668477013299521820;7
554;1668477013443457450;7
555;1668477013545396051;10
556;1668477013668061214;10
557;1668477013774926456;8
558;1668477013878864336;9
559;1668477013980189559;10
560;1668477014127115041;7
561;1668477014275911840;10
562;1668477014378236720;7
563;1668477014479673529;10
564;1668477014583025475;10
565;1668477014685901701;10
566;1668477014809099011;10
567;1668477014910312006;8
568;1668477015014799607;10
569;1668477015159843304;7
570;1668477015297521880;9
571;1668477015403479377;7
572;1668477015577839323;6
573;1668477015720073098;7
574;1668477015832658188;9
575;1668477016152851983;4
576;1668477016257343613;7
577;1668477016360716489;10
578;1668477016463120616;10
579;1668477016605933066;8
580;1668477016741666778;9
581;1668477016847998919;7
582;1668477016949448234;10
583;1668477017076758391;10
584;1668477017182868325;8
585;1668477017319586355;9
586;1668477017422007989;8
587;1668477017523397763;10
588;1668477017624820347;10
589;1668477017750672562;10
590;1668477017853050756;8
591;1668477017959865869;9
592;1668477018121021078;6
593;1668477018267947481;9
594;1668477018394076536;7
595;1668477018495336412;8
596;1668477018597452194;10
597;1668477018739404660;9
598;1668477018843251801;7
599;1668477018971228637;10
600;1668477019074918227;8
601;1668477019176484171;10
602;1668477019521988966;10
603;1668477019623666956;3
604;1668477019780764032;10
605;1668477019891343397;6
606;1668477019995126036;9
607;1668477020106737968;10
608;1668477020212658588;9
609;1668477020353632802;7
610;1668477020461667261;9
611;1668477020611566748;7
612;1668477020737419802;9
613;1668477020891728702;8
614;1668477020997619591;6
615;1668477021136713182;9
616;1668477021237998161;7
617;1668477021362406071;9
618;1668477021465573935;9
619;1668477021580278768;9
620;1668477021683819871;10
621;1668477021811347050;10
622;1668477021915067021;8
623;1668477022062721624;7
624;1668477022198625405;10
625;1668477022301663831;7
626;1668477022458567921;6
627;1668477022583826820;10
628;1668477022687798133;8
629;1668477022792388882;10
630;1668477022928943536;9
631;1668477023032583903;7
632;1668477023174324931;10
633;1668477023275983751;7
634;1668477023378634819;10
635;1668477023537788970;6
636;1668477023673716565;9
637;1668477023783441096;8
638;1668477023928860972;9
639;1668477024034072131;7
640;1668477024160573801;9
641;1668477024264832691;8
642;1668477024394858251;8
643;1668477024505262282;10
644;1668477024634590865;9
645;1668477024743880081;8
646;1668477024883811749;9
647;1668477024994401797;7
648;1668477025138489552;9
649;1668477025246834073;7
650;1668477025369315766;9
651;1668477025488216043;8
652;1668477025643833623;6
653;1668477025749379180;9
654;1668477025867139452;10
655;1668477025972537651;8
656;1668477026127264928;6
657;1668477026234287521;9
658;1668477026380479339;7
659;1668477026484282211;10
660;1668477026632017934;7
661;1668477026733190380;9
662;1668477027011565080;9
663;1668477027155179369;4
664;1668477027256740591;7
665;1668477027361912834;10
666;1668477027491453963;9
667;1668477027597817870;8
668;1668477027730672703;9
669;1668477027833909532;8
670;1668477027937486059;10
671;1668477028083008437;10
672;1668477028185866982;7
673;1668477028306782814;10
674;1668477028410083119;8
675;1668477028540417477;10
676;1668477028645043549;7
677;1668477028760262682;10
678;1668477028903705222;9
679;1668477029006641989;7
680;1668477029114723028;9
681;1668477029246816388;10
682;1668477029349742577;8
683;1668477029480307055;8
684;1668477029583262815;10
685;1668477029687542737;10
686;1668477029791344938;10
687;1668477029910297893;10
688;1668477030010799608;8
689;1668477030113781755;10
690;1668477030217100569;10
691;1668477030321028344;10
692;1668477030458126242;9
693;1668477030563302975;8
694;1668477030730563415;6
695;1668477030835936642;10
696;1668477030979811650;7
697;1668477031099371537;10
698;1668477031200364094;8
699;1668477031301678897;10
700;1668477031453173020;10
701;1668477031553712193;7
702;1668477031683844917;10
703;1668477031783824818;8
704;1668477031924628225;10
705;1668477032026757400;7
706;1668477032171434332;10
707;1668477032280736321;7
708;1668477032444456685;9
709;1668477032548735119;6
710;1668477032681762111;10
711;1668477032783790311;8
712;1668477032936818994;10
713;1668477033052054880;6
714;1668477033226776857;6
715;1668477033349029927;10
716;1668477033451359800;8
717;1668477033552024949;10
718;1668477033701056471;7
719;1668477033802462418;9
720;1668477033903996890;10
721;1668477034066566034;6
722;1668477034238938433;6
723;1668477034394166685;9
724;1668477034496818591;7
725;1668477034644545047;10
726;1668477034750315462;7
727;1668477034860362425;9
728;1668477035002915401;9
729;1668477035147966629;7
730;1668477035259966275;7
731;1668477035361749065;9
732;1668477035497976044;10
733;1668477035602131110;7
734;1668477035704994844;10
735;1668477035857885178;7
736;1668477035960806071;9
737;1668477036062720394;10
738;1668477036203899014;10
739;1668477036348167070;7
740;1668477036454400631;7
741;1668477036556745859;10
742;1668477036659956011;10
743;1668477036812557154;9
744;1668477036955320644;7
745;1668477037061338029;7
746;1668477037164589136;9
747;1668477037313727437;7
748;1668477037416959501;10
749;1668477037556207118;10
750;1668477037668002032;7
751;1668477037941262422;9
752;1668477038049510166;4
753;1668477038164807316;9
754;1668477038267053359;9
755;1668477038379623642;9
756;1668477038516111764;9
757;1668477038622067917;7
758;1668477038766299858;9
759;1668477038867210778;7
760;1668477038972566664;10
761;1668477039100190495;10
762;1668477039202689973;8
763;1668477039355558526;7
764;1668477039456148743;9
765;1668477039594033902;10
766;1668477039699282425;7
767;1668477039837447914;7
768;1668477039938511182;9
769;1668477040044437791;10
770;1668477040182163890;10
771;1668477040317774443;7
772;1668477040419407282;7
773;1668477040530274271;10
774;1668477040668501328;7
775;1668477040783546387;9
776;1668477040902915712;9
777;1668477041008815294;8
778;1668477041110703210;10
779;1668477041263435995;7
780;1668477041402454272;9
781;1668477041504838197;7
782;1668477041654603819;10
783;1668477041757361377;7
784;1668477041897350423;10
785;1668477042005244429;7
786;1668477042135084886;9
787;1668477042237242107;8
788;1668477042370149443;10
789;1668477042473788143;8
790;1668477042605228344;10
791;1668477042717020195;8
792;1668477042861829912;7
793;1668477043008457168;7
794;1668477043114401580;9
795;1668477043245126810;9
796;1668477043347269656;8
797;1668477043455545516;10
798;1668477043588225675;7
799;1668477043690499291;10
800;1668477043821377634;10
801;1668477043922112301;8
802;1668477044024421849;10
803;1668477044169118612;10
804;1668477044272663562;7
805;1668477044417478967;7
806;1668477044526928047;9
807;1668477044661640421;7
808;1668477044764430633;10
809;1668477044902365449;9
810;1668477045008144405;7
811;1668477045147533403;7
812;1668477045258145371;10
813;1668477045403868610;7
814;1668477045504172596;10
815;1668477045656555887;7
816;1668477045759843699;10
817;1668477045887891202;10
818;1668477045988941873;8
819;1668477046117740375;10
820;1668477046223699400;8
821;1668477046329750493;9
822;1668477046496751221;6
823;1668477046648166496;7
824;1668477046793382483;10
825;1668477046904373409;7
826;1668477047040198104;7
827;1668477047147160411;10
828;1668477047281186168;9
829;1668477047700020016;7
830;1668477047837534692;2
831;1668477047948789001;7
832;1668477048074714547;9
833;1668477048205534687;8
834;1668477048341728517;8
835;1668477048448329944;7
836;1668477048595963020;7
837;1668477048700692456;10
838;1668477048891182671;10
839;1668477049070752548;5
840;1668477049175906241;6
841;1668477049282270553;9
842;1668477049412965448;9
843;1668477049520170803;8
844;1668477049629612403;10
845;1668477049777668776;6
846;1668477049880840022;10
847;1668477049984785362;10
848;1668477050137910435;9
849;1668477050247204557;7
850;1668477050379153423;7
851;1668477050516025171;10
852;1668477050619700316;7
853;1668477050749680724;10
854;1668477050854424605;8
855;1668477050966198034;9
856;1668477051104506994;10
857;1668477051207249150;7
858;1668477051325822770;9
859;1668477051431532306;8
860;1668477051535357554;10
861;1668477051676159648;7
862;1668477051778694868;10
863;1668477051903544933;9
864;1668477052011004981;8
865;1668477052118466076;9
866;1668477052253360422;7
867;1668477052392637843;9
868;1668477052495321959;7
869;1668477052641363428;7
870;1668477052769331755;9
871;1668477052876097784;8
872;1668477053020810220;10
873;1668477053123252020;7
874;1668477053231879688;10
875;1668477053386498859;7
876;1668477053493684842;8
877;1668477053620652026;8
878;1668477053759587664;7
879;1668477053865485736;10
880;1668477054020674990;6
881;1668477054156906962;9
882;1668477054336286681;7
883;1668477054438954162;6
884;1668477054579787954;10
885;1668477054686969915;7
886;1668477054845170028;9
887;1668477054945659044;6
888;1668477055047269274;10
889;1668477055149561174;10
890;1668477055273770646;10
891;1668477055374735884;8
892;1668477055476850374;10
893;1668477055616430540;10
894;1668477055717728034;7
895;1668477055821273552;10
896;1668477055955224601;10
897;1668477056061691519;8
898;1668477056193553121;9
899;1668477056296367299;8
900;1668477056431998512;9
901;1668477056538584956;7
902;1668477056648682455;9
903;1668477056849004773;7
904;1668477056968802233;6
905;1668477057072996348;8
906;1668477057209780453;10
907;1668477057319395079;7
908;1668477057420014819;9
909;1668477057571113133;7
910;1668477057675595664;9
911;1668477057780198533;10
912;1668477057948181008;6
913;1668477058087031150;9
914;1668477058198244278;7
915;1668477058327057315;9
916;1668477058427744554;8
917;1668477058529434961;10
918;1668477058632219581;10
919;1668477058752478270;10
920;1668477058857266998;8
921;1668477058962118432;10
922;1668477059100225464;7
923;1668477059201356684;10
924;1668477059338690769;10
925;1668477059443879349;7
926;1668477059548191138;9
927;1668477059693949369;7
928;1668477059879914171;10
929;1668477060059659746;5
930;1668477060165347547;6
931;1668477060267968399;9
932;1668477060400104235;10
933;1668477060502939937;8
934;1668477060651129563;10
935;1668477060756931357;7
936;1668477060896516157;10
937;1668477061003247897;7
938;1668477061153064485;6
939;1668477061259392148;10
940;1668477061395008323;9
941;1668477061502154396;8
942;1668477061630686603;9
943;1668477061736074075;8
944;1668477061839409780;10
945;1668477061974248586;10
946;1668477062081010659;7
947;1668477062199968588;9
948;1668477062309289116;8
949;1668477062450400483;9
950;1668477062557995161;7
951;1668477062694391317;9
952;1668477062799803211;7
953;1668477062934581810;8
954;1668477063037765652;9
955;1668477063165334854;8
956;1668477063299953156;10
957;1668477063405667735;7
958;1668477063508643732;10
959;1668477063642328021;7
960;1668477063744387683;10
961;1668477063879317300;10
962;1668477063980025669;8
963;1668477064118189010;10
964;1668477064296966314;7
965;1668477064425325652;6
966;1668477064530854399;8
967;1668477064672263682;9
968;1668477064774196588;7
969;1668477064875875997;10
970;1668477065015566162;8
971;1668477065125326608;9
972;1668477065289467102;6
973;1668477065391331608;10
974;1668477065535198996;7
975;1668477065662102025;9
976;1668477065762544134;8
977;1668477065863222746;10
978;1668477066005736115;10
979;1668477066108422848;7
980;1668477066231684042;10
981;1668477066402019010;7
982;1668477066505369488;6
983;1668477066655686471;7
984;1668477066791363625;9
985;1668477066901042884;7
986;1668477067048542203;7
987;1668477067193659580;9
988;1668477067333056496;7
989;1668477067440013214;7
990;1668477067541155594;9
991;1668477067694309703;10
992;1668477067799251683;7
993;1668477067943378297;9
994;1668477068105568835;7
995;1668477068208098093;6
996;1668477068370684659;9
997;1668477068484256871;6
998;1668477068614193089;9
999;1668477068725787696;8
1000;1668477068863505949;9
1001;1668477069001369846;7
1002;1668477069105221233;8
1003;1668477069212148074;9
1004;1668477069368061712;6
1005;1668477069472792643;10
1006;1668477069606090620;9
1007;1668477069715224731;8
1008;1668477069820222030;9
1009;1668477069964571092;7
1010;1668477070065155178;10
1011;1668477070166934273;10
1012;1668477070301551786;7
1013;1668477070404074121;10
1014;1668477070689472754;4
1015;1668477070794339851;10
1016;1668477070939361572;9
1017;1668477071043983176;7
1018;1668477071178163455;7
1019;1668477071281540906;10
1020;1668477071442475032;10
1021;1668477071544388684;6
1022;1668477071691210740;10
1023;1668477071795401515;7
1024;1668477071944181466;7
1025;1668477072074876117;10
1026;1668477072175573948;8
1027;1668477072278870438;10
1028;1668477072415039061;7
1029;1668477072523980391;9
1030;1668477072632470720;9
1031;1668477072782893586;7
1032;1668477072904719033;10
1033;1668477073011404870;8
1034;1668477073137475219;9
1035;1668477073239715118;8
1036;1668477073374044487;10
1037;1668477073477882016;7
1038;1668477073618810190;9
1039;1668477073728340559;7
1040;1668477073889467690;6
1041;1668477074027336811;9
1042;1668477074130083181;7
1043;1668477074286118250;6
1044;1668477074432504833;10
1045;1668477074537364902;7
1046;1668477074671884958;9
1047;1668477074776681973;7
1048;1668477074878880711;10
1049;1668477075044927805;6
1050;1668477075170838959;9
1051;1668477075274349594;8
1052;1668477075378229332;10
1053;1668477075524087779;7
1054;1668477075628336623;10
1055;1668477075761889859;7
1056;1668477075865478586;10
1057;1668477076004254806;10
1058;1668477076106838912;7
1059;1668477076235747018;10
1060;1668477076338970776;8
1061;1668477076482180519;10
1062;1668477076584283174;7
1063;1668477076724526784;10
1064;1668477076830228661;7
1065;1668477076968138926;9
1066;1668477077074279662;7
1067;1668477077218201388;9
1068;1668477077319766060;7
1069;1668477077432237445;9
1070;1668477077558814667;10
1071;1668477077666970983;8
1072;1668477077804178906;10
1073;1668477077909484795;7
1074;1668477078010628715;9
1075;1668477078152289119;7
1076;1668477078287771708;9
1077;1668477078390885015;7
1078;1668477078494959311;9
1079;1668477078637956051;7
1080;1668477078774822800;9
1081;1668477078880243238;7
1082;1668477078981552903;10
1083;1668477079084058024;10
1084;1668477079220911568;10
1085;1668477079322682645;7
1086;1668477079454540498;10
1087;1668477079557611196;8
1088;1668477079660161475;10
1089;1668477079810316386;7
1090;1668477079911991444;10
1091;1668477080061936995;7
1092;1668477080216089583;10
1093;1668477080320689776;6
1094;1668477080455481276;7
1095;1668477080560176515;9
1096;1668477080716064149;7
1097;1668477080821225871;9
1098;1668477080947362501;10
1099;1668477081050781088;8
1100;1668477081253056708;9
1101;1668477081356847537;5
1102;1668477081459392788;10
1103;1668477081578852981;10
1104;1668477081680607536;8
1105;1668477081785912436;10
1106;1668477081917021990;9
1107;1668477082017688572;8
1108;1668477082123371101;10
1109;1668477082262641409;10
1110;1668477082365651268;7
1111;1668477082485379426;9
1112;1668477082599733786;8
1113;1668477082738715824;9
1114;1668477082846008231;7
1115;1668477082971040774;9
1116;1668477083071464925;8
1117;1668477083206781778;10
1118;1668477083312726230;7
1119;1668477083452193545;9
1120;1668477083558266424;7
1121;1668477083672859573;10
1122;1668477083798365844;9
1123;1668477083941970299;8
1124;1668477084045902758;7
1125;1668477084173469593;10
1126;1668477084276317926;8
1127;1668477084384435145;10
1128;1668477084527729608;9
1129;1668477084632209711;7
1130;1668477084775874266;10
1131;1668477084884391585;7
1132;1668477085030867585;10
1133;1668477085136020578;7
1134;1668477085269248358;9
1135;1668477085373096465;8
1136;1668477085515744020;9
1137;1668477085677050410;7
1138;1668477085779899164;6
1139;1668477085900637116;10
1140;1668477086006664641;8
1141;1668477086151072259;7
1142;1668477086251911156;10
1143;1668477086357155578;10
1144;1668477086486586983;9
1145;1668477086587985111;8
1146;1668477086742340577;9
1147;1668477086845871104;7
1148;1668477086985552207;10
1149;1668477087090449904;7
1150;1668477087195326441;9
1151;1668477087361861214;6
1152;1668477087512538295;7
1153;1668477087641076210;9
1154;1668477087742550899;8
1155;1668477087844379446;10
1156;1668477087978773950;10
1157;1668477088084759659;7
1158;1668477088212069486;9
1159;1668477088315687478;8
1160;1668477088417007296;10
1161;1668477088561139236;10
1162;1668477088663941165;7
1163;1668477088808321212;8
1164;1668477088912510117;9
1165;1668477089050538976;10
1166;1668477089156749799;7
1167;1668477089280248464;10
1168;1668477089385647808;8
1169;1668477089545300256;9
1170;1668477089651527445;7
1171;1668477089792373091;9
1172;1668477089897009394;7
1173;1668477090031763467;10
1174;1668477090134623488;7
1175;1668477090267314438;7
1176;1668477090375532256;9
1177;1668477090510086979;7
1178;1668477090610897622;10
1179;1668477090711393609;10
1180;1668477090854421996;7
1181;1668477090956097323;10
1182;1668477091096143436;10
1183;1668477091197084143;7
1184;1668477091297119165;10
1185;1668477091444670487;10
1186;1668477091545723001;7
1187;1668477091664124158;10
1188;1668477091894949476;8
1189;1668477092059182043;4
1190;1668477092159442266;6
1191;1668477092260516820;10
1192;1668477092400039561;9
1193;1668477092503086047;7
1194;1668477092670394232;10
1195;1668477092773481016;6
1196;1668477092924602494;10
1197;1668477093031573606;7
1198;1668477093180263293;9
1199;1668477093288177155;7
1200;1668477093425679813;9
1201;1668477093526979299;7
1202;1668477093653590213;10
1203;1668477093756419778;8
1204;1668477093863062971;10
1205;1668477094014519102;6
1206;1668477094115183317;10
1207;1668477094283127031;7
1208;1668477094411550600;7
1209;1668477094515233476;8
1210;1668477094672917755;10
1211;1668477094776941036;6
1212;1668477094901072082;10
1213;1668477095034281149;8
1214;1668477095187451666;7
1215;1668477095289794658;7
1216;1668477095424041931;9
1217;1668477095533934106;7
1218;1668477095677099231;10
1219;1668477095791993473;7
1220;1668477095922786508;9
1221;1668477096023945672;8
1222;1668477096151096318;10
1223;1668477096252142127;8
1224;1668477096359089203;9
1225;1668477096514895537;6
1226;1668477096652318568;10
1227;1668477096754841722;7
1228;1668477096883447722;10
1229;1668477096984256104;8
1230;1668477097084793807;10
1231;1668477097218209539;10
1232;1668477097325389618;7
1233;1668477097427859681;10
1234;1668477097586189584;10
1235;1668477097686574006;6
1236;1668477097817485616;10
1237;1668477097920109742;8
1238;1668477098022077788;10
1239;1668477098128033931;9
1240;1668477098266186456;10
1241;1668477098366781071;7
1242;1668477098525429999;10
1243;1668477098631210814;6
1244;1668477098772138006;9
1245;1668477098878118016;7
1246;1668477099007981348;10
1247;1668477099109743832;8
1248;1668477099214978071;10
1249;1668477099349933660;9
1250;1668477099453399447;8
1251;1668477099582802960;9
1252;1668477099687337801;8
1253;1668477099794139990;10
1254;1668477099929279028;9
1255;1668477100035534689;8
1256;1668477100160865438;9
1257;1668477100265575736;8
1258;1668477100368510010;9
1259;1668477100539266886;6
1260;1668477100641837510;10
1261;1668477100785499883;7
1262;1668477100886897871;10
1263;1668477101029385259;10
1264;1668477101151885089;7
1265;1668477101288775913;8
1266;1668477101392518043;7
1267;1668477101528126930;10
1268;1668477101630477312;7
1269;1668477101732446187;10
1270;1668477101869815649;10
1271;1668477101974069051;7
1272;1668477102107394089;10
1273;1668477102211046204;7
1274;1668477102346650072;10
1275;1668477102452979402;7
1276;1668477102711846764;7
1277;1668477102816406306;4
1278;1668477102956714892;10
1279;1668477103083706883;7
1280;1668477103184232236;8
1281;1668477103287599380;10
1282;1668477103393044741;10
1283;1668477103505489516;10
1284;1668477103611906321;9
1285;1668477103728336949;10
1286;1668477103838040459;8
1287;1668477103946765239;10
1288;1668477104055178524;9
1289;1668477104160759995;9
1290;1668477104269292549;9
1291;1668477104389297859;9
1292;1668477104489884855;8
1293;1668477104608016361;10
1294;1668477104723313559;8
1295;1668477104826911314;9
1296;1668477104939557850;10
1297;1668477105047148796;9
1298;1668477105164697191;9
1299;1668477105285540917;9
1300;1668477105391046088;8
1301;1668477105509042351;9
1302;1668477105627238386;8
1303;1668477105760905861;8
1304;1668477105882883884;7
1305;1668477105992726650;8
1306;1668477106107897213;9
1307;1668477106217772893;9
1308;1668477106330143282;9
1309;1668477106457950743;9
1310;1668477106574500414;8
1311;1668477106693977729;9
1312;1668477106806051232;8
1313;1668477106922945179;9
1314;1668477107054846641;9
1315;1668477107162580744;8
1316;1668477107270839103;9
1317;1668477107378315546;9
1318;1668477107491036079;10
1319;1668477107604066820;9
1320;1668477107726410988;9
1321;1668477107832690943;8
1322;1668477107955122653;9
1323;1668477108075440398;8
1324;1668477108189824376;8
1325;1668477108309937512;9
1326;1668477108415980981;8
1327;1668477108532397970;10
1328;1668477108641706444;9
1329;1668477108761938869;9
1330;1668477108891805768;8
1331;1668477108994614842;8
1332;1668477109110573435;10
1333;1668477109228918502;9
1334;1668477109340415070;8
1335;1668477109470818660;10
1336;1668477109582954637;8
1337;1668477109711845073;9
1338;1668477109823883176;8
1339;1668477109934678734;9
1340;1668477110193432131;9
1341;1668477110318722564;4
1342;1668477110424642049;8
1343;1668477110546488590;9
1344;1668477110666720115;8
1345;1668477110768442623;8
1346;1668477110874385348;10
1347;1668477110976640846;9
1348;1668477111080049767;10
1349;1668477111182044305;10
1350;1668477111284977284;10
1351;1668477111387298878;10
1352;1668477111492172232;10
1353;1668477111594342676;10
1354;1668477111723095638;10
1355;1668477111841600735;8
1356;1668477111943096652;9
1357;1668477112060536522;10
1358;1668477112192328430;9
1359;1668477112355518100;6
1360;1668477112467999494;8
1361;1668477112568238527;10
1362;1668477112688113728;10
1363;1668477112802262629;8
1364;1668477112920867430;8
1365;1668477113024389238;9
1366;1668477113131032200;10
1367;1668477113237174097;9
1368;1668477113385109790;9
1369;1668477113490411630;7
1370;1668477113620269420;9
1371;1668477113724195117;8
1372;1668477113863566312;7
1373;1668477113970342148;9
1374;1668477114107470643;7
1375;1668477114228443178;10
1376;1668477114333974887;8
1377;1668477114451958492;10
1378;1668477114568256261;8
1379;1668477114702465951;9
1380;1668477114810148092;7
1381;1668477114920114359;10
1382;1668477115055400855;9
1383;1668477115166690741;8
1384;1668477115332583243;7
1385;1668477115439013712;7
1386;1668477115553311507;9
1387;1668477115715106310;6
1388;1668477115817722792;9
1389;1668477115928914559;10
1390;1668477116032169510;9
1391;1668477116184828875;7
1392;1668477116340125980;9
1393;1668477116451925680;7
1394;1668477116556236072;9
1395;1668477116679132631;10
1396;1668477116783122362;8
1397;1668477116938444133;9
1398;1668477117053438545;6
1399;1668477117173135989;9
1400;1668477117276362424;8
1401;1668477117433099157;10
1402;1668477117535984623;6
1403;1668477117639591703;10
1404;1668477117778348685;10
1405;1668477117888041733;7
1406;1668477118041064331;6
1407;1668477118141093370;10
1408;1668477118243782821;10
1409;1668477118352755818;10
1410;1668477118455238429;9
1411;1668477118668097153;10
1412;1668477118773560871;5
1413;1668477118885804189;9
1414;1668477119022808594;7
1415;1668477119135276370;10
1416;1668477119282824452;6
1417;1668477119430816254;10
1418;1668477119532541500;7
1419;1668477119668477615;9
1420;1668477119769526076;8
1421;1668477119872258250;10
1422;1668477120024387652;7
1423;1668477120126732633;10
1424;1668477120246391576;10
1425;1668477120355184518;8
1426;1668477120482410927;10
1427;1668477120586797872;8
1428;1668477120691359077;10
1429;1668477120839650767;7
1430;1668477120942902865;10
1431;1668477121084469258;7
1432;1668477121237005639;9
1433;1668477121345242898;7
1434;1668477121506792082;10
1435;1668477121607552048;6
1436;1668477121761701765;7
1437;1668477121892011412;10
1438;1668477121998111735;8
1439;1668477122127958755;9
1440;1668477122231712538;8
1441;1668477122335757279;10
1442;1668477122470192059;10
1443;1668477122570686760;8
1444;1668477122671609821;10
1445;1668477122805739086;10
1446;1668477122908448460;7
1447;1668477123050434567;10
1448;1668477123156336600;7
1449;1668477123293853843;10
1450;1668477123402273025;7
1451;1668477123526772432;9
1452;1668477123633194603;8
1453;1668477123774289881;9
1454;1668477123876101577;7
1455;1668477123978025768;10
1456;1668477124121841677;7
1457;1668477124226750421;9
1458;1668477124365983039;8
1459;1668477124504352669;7
1460;1668477124607039568;10
1461;1668477124746973404;9
1462;1668477124850719695;7
1463;1668477124986475287;10
1464;1668477125087896127;7
1465;1668477125193851616;10
1466;1668477125334468610;7
1467;1668477125477847685;10
1468;1668477125577952111;7
1469;1668477125730865498;10
1470;1668477125834116902;7
1471;1668477125971805285;7
1472;1668477126118030434;9
1473;1668477126222024371;7
1474;1668477126394452320;6
1475;1668477126512663673;9
1476;1668477126616397161;9
1477;1668477126750896492;10
1478;1668477126859109478;7
1479;1668477126989970498;9
1480;1668477127094046603;8
1481;1668477127203841941;9
1482;1668477127355953413;6
1483;1668477127458575422;10
1484;1668477127579991251;10
1485;1668477127691121091;8
1486;1668477127793030041;10
1487;1668477127937378989;9
1488;1668477128044761630;7
1489;1668477128173466775;9
1490;1668477128280376275;8
1491;1668477128418967959;9
1492;1668477128520184155;7
1493;1668477128662457846;10
1494;1668477128763869494;7
1495;1668477128918803675;10
1496;1668477129027746678;6
1497;1668477129301999572;7
1498;1668477129436827152;4
1499;1668477129540047402;7
1500;1668477129641095221;10
1501;1668477129788271492;7
1502;1668477129915823123;10
1503;1668477130018421196;8
1504;1668477130125711273;10
1505;1668477130260152104;7
1506;1668477130363086144;10
1507;1668477130468989506;10
1508;1668477130614545929;7
1509;1668477130722346964;9
1510;1668477130870489995;7
1511;1668477130976085270;10
1512;1668477131108752464;8
1513;1668477131211877517;10
1514;1668477131351034700;9
1515;1668477131457716859;7
1516;1668477131586479692;9
1517;1668477131692081597;8
1518;1668477131837810387;10
1519;1668477131943525133;7
1520;1668477132090340796;9
1521;1668477132193640423;7
1522;1668477132332435160;10
1523;1668477132435949266;7
1524;1668477132542580721;10
1525;1668477132644072319;9
1526;1668477132744042686;10
1527;1668477132891943606;7
1528;1668477133020258473;10
1529;1668477133124664347;8
1530;1668477133257250767;10
1531;1668477133359072426;8
1532;1668477133466540386;10
1533;1668477133599270977;9
1534;1668477133705105767;8
1535;1668477133807111875;10
1536;1668477133916302656;10
1537;1668477134060923325;7
1538;1668477134193317181;10
1539;1668477134293892612;8
1540;1668477134394661588;10
1541;1668477134549338395;10
1542;1668477134651334156;6
1543;1668477134778100183;10
1544;1668477134879842973;8
1545;1668477134987422101;9
1546;1668477135132083767;7
1547;1668477135272831663;9
1548;1668477135375700853;7
1549;1668477135518367914;10
1550;1668477135621264625;7
1551;1668477135724725811;9
1552;1668477135871812521;7
1553;1668477136012617102;10
1554;1668477136121815413;7
1555;1668477136228385626;9
1556;1668477136361812614;10
1557;1668477136465958670;7
1558;1668477136598193133;8
1559;1668477136742603188;9
1560;1668477136858288365;7
1561;1668477137004403440;9
1562;1668477137132768647;7
1563;1668477137238875129;8
1564;1668477137383692006;9
1565;1668477137484508410;7
1566;1668477137589214505;10
1567;1668477137768085880;7
1568;1668477137872724977;7
1569;1668477137983043142;9
1570;1668477138127406859;7
1571;1668477138229794834;10
1572;1668477138356086803;10
1573;1668477138458535651;8
1574;1668477138562955279;10
1575;1668477138669608026;9
1576;1668477138817245295;7
1577;1668477138960545567;10
1578;1668477139065236440;7
1579;1668477139166840298;10
1580;1668477139268393582;10
1581;1668477139409209910;7
1582;1668477139509517381;10
1583;1668477139671559123;9
1584;1668477139778565197;6
1585;1668477140043663870;9
1586;1668477140207688719;4
1587;1668477140308578525;6
1588;1668477140410530895;10
1589;1668477140550996367;10
1590;1668477140656112857;7
1591;1668477140817994931;9
1592;1668477140921816270;6
1593;1668477141022815903;10
1594;1668477141162980180;7
1595;1668477141263450849;10
1596;1668477141397429002;10
1597;1668477141500180577;7
1598;1668477141605070512;10
1599;1668477141735592779;10
1600;1668477141836025434;8
1601;1668477141940033954;10
1602;1668477142101009095;10
1603;1668477142203956986;6
1604;1668477142332087681;8
1605;1668477142440266699;10
1606;1668477142595802918;9
1607;1668477142702790030;6
1608;1668477142840736621;10
1609;1668477142946430352;7
1610;1668477143050067663;10
1611;1668477143177856575;10
1612;1668477143288574564;8
1613;1668477143407533014;9
1614;1668477143510239618;8
1615;1668477143614169299;10
1616;1668477143764036781;10
1617;1668477143872905129;7
1618;1668477144004581576;9
1619;1668477144123190387;7
1620;1668477144283050823;9
1621;1668477144383469550;6
1622;1668477144488584863;10
1623;1668477144640593064;10
1624;1668477144743961635;7
1625;1668477144847834049;10
1626;1668477144983391104;9
1627;1668477145087403986;8
1628;1668477145197416498;9
1629;1668477145353243043;7
1630;1668477145460696850;8
1631;1668477145565538327;9
1632;1668477145706994389;7
1633;1668477145865495620;10
1634;1668477145965649506;6
1635;1668477146068709732;10
1636;1668477146242567546;10
1637;1668477146412867446;6
1638;1668477146523132797;6
1639;1668477146641497275;9
1640;1668477146745442533;9
1641;1668477146849026662;10
1642;1668477146963340983;10
1643;1668477147064437354;9
1644;1668477147167366284;10
1645;1668477147319073523;6
1646;1668477147424650899;10
1647;1668477147565204800;7
1648;1668477147704495138;9
1649;1668477147806234312;7
1650;1668477147910997722;10
1651;1668477148059574533;10
1652;1668477148160747316;7
1653;1668477148263430688;10
1654;1668477148394923743;10
1655;1668477148496905739;8
1656;1668477148637437817;10
1657;1668477148738794269;7
1658;1668477148840380182;10
1659;1668477148941486858;10
1660;1668477149072426775;10
1661;1668477149173599700;8
1662;1668477149274322605;10
1663;1668477149417687777;10
1664;1668477149520665382;7
1665;1668477149654469546;10
1666;1668477149754856550;7
1667;1668477149858246524;10
1668;1668477149960366780;10
1669;1668477150104714478;7
1670;1668477150239640196;10
1671;1668477150346781508;7
1672;1668477150507939784;6
1673;1668477150608748984;10
1674;1668477150744175794;10
1675;1668477150847253357;7
1676;1668477151128208420;10
1677;1668477151230731999;4
1678;1668477151336752354;9
1679;1668477151445106437;9
1680;1668477151547601870;9
1681;1668477151691725358;8
1682;1668477151883166756;8
1683;1668477151987072664;5
1684;1668477152222036231;10
1685;1668477152386188561;4
1686;1668477152490519326;6
1687;1668477152595287388;9
1688;1668477152738695946;7
1689;1668477152872004534;9
1690;1668477152974255191;8
1691;1668477153121244114;8
1692;1668477153246427917;8
1693;1668477153347945328;8
1694;1668477153468837513;10
1695;1668477153569430821;8
1696;1668477153725328435;7
1697;1668477153872340193;9
1698;1668477154031082021;7
1699;1668477154186529300;6
1700;1668477154294160503;6
1701;1668477154443976178;9
1702;1668477154548812419;7
1703;1668477154680302929;9
1704;1668477154782784421;8
1705;1668477154937769783;10
1706;1668477155038283644;6
1707;1668477155172548372;10
1708;1668477155277415378;7
1709;1668477155404325798;10
1710;1668477155508300502;8
1711;1668477155608792256;10
1712;1668477155713757187;10
1713;1668477155814455692;10
1714;1668477155947284651;8
1715;1668477156049117848;10
1716;1668477156193941794;7
1717;1668477156296628388;9
1718;1668477156434011800;10
1719;1668477156540647241;7
1720;1668477156645485828;9
1721;1668477156793639203;9
1722;1668477156894748128;7
1723;1668477156996251457;10
1724;1668477157137775376;7
1725;1668477157238807404;10
1726;1668477157379139147;10
1727;1668477157479008531;7
1728;1668477157579960163;10
1729;1668477157720307448;10
1730;1668477157821291402;7
1731;1668477157965877040;10
1732;1668477158067093084;7
1733;1668477158197346903;10
1734;1668477158297833748;8
1735;1668477158398433088;10
1736;1668477158563171070;6
1737;1668477158684997020;10
1738;1668477158791492794;8
1739;1668477158947762207;9
1740;1668477159121671487;6
1741;1668477159224206118;6
1742;1668477159365531652;10
1743;1668477159472524449;7
1744;1668477159624982023;9
1745;1668477159728991959;7
1746;1668477159870782928;7
1747;1668477159975955443;9
1748;1668477160120097100;10
1749;1668477160229939829;7
1750;1668477160333266946;9
1751;1668477160471608276;7
1752;1668477160631478436;10
1753;1668477160732627216;6
1754;1668477160875621924;7
1755;1668477160976806518;10
1756;1668477161107890187;10
1757;1668477161211673160;8
1758;1668477161346808220;10
1759;1668477161452552789;7
1760;1668477161593537953;9
1761;1668477161694557304;7
1762;1668477161800938018;10
1763;1668477161923985294;9
1764;1668477162028444108;8
1765;1668477162236202534;9
1766;1668477162341262227;5
1767;1668477162487472440;10
1768;1668477162592228369;7
1769;1668477162699609340;9
1770;1668477162869341787;9
1771;1668477163024858753;6
1772;1668477163128716390;6
1773;1668477163235580918;10
1774;1668477163362759997;8
1775;1668477163482555126;10
1776;1668477163612972350;8
1777;1668477163779053752;7
1778;1668477163882464763;7
1779;1668477164009929701;10
1780;1668477164113731420;8
1781;1668477164272542329;10
1782;1668477164373422670;6
1783;1668477164502254291;10
1784;1668477164605349256;8
1785;1668477164737985028;8
1786;1668477164896632293;10
1787;1668477165002730929;6
1788;1668477165189129496;6
1789;1668477165295864019;8
1790;1668477165450510568;9
1791;1668477165553490321;7
1792;1668477165683312314;9
1793;1668477165784320156;8
1794;1668477165928828072;10
1795;1668477166036407361;7
1796;1668477166190478307;6
1797;1668477166297648549;10
1798;1668477166419056662;9
1799;1668477166520579280;8
1800;1668477166688186074;10
1801;1668477166863955628;6
1802;1668477166968168831;6
1803;1668477167121414510;9
1804;1668477167227816389;7
1805;1668477167331772163;10
1806;1668477167465952465;7
1807;1668477167597278632;10
1808;1668477167703048103;8
1809;1668477167805804399;10
1810;1668477167944136468;10
1811;1668477168046665324;7
1812;1668477168176334700;10
1813;1668477168280128189;8
1814;1668477168385456556;10
1815;1668477168547862580;6
1816;1668477168650743792;10
1817;1668477168797005985;9
1818;1668477168902076373;7
1819;1668477169007644022;10
1820;1668477169146296432;9
1821;1668477169252022272;7
1822;1668477169384002678;7
1823;1668477169488532496;10
1824;1668477169623077234;10
1825;1668477169726991340;7
1826;1668477169870064202;9
1827;1668477169979578346;7
1828;1668477170083032572;9
1829;1668477170227593884;7
1830;1668477170328512459;10
1831;1668477170456314681;10
1832;1668477170557127733;8
1833;1668477170657562374;10
1834;1668477170783197356;9
1835;1668477170884031788;8
1836;1668477171039594974;10
1837;1668477171145697544;6
1838;1668477171297016193;10
1839;1668477171402207531;7
1840;1668477171542847695;10
1841;1668477171645290175;7
1842;1668477171793875371;10
1843;1668477171899075127;7
1844;1668477172022209251;9
1845;1668477172126682455;8
1846;1668477172266740614;10
1847;1668477172369582192;7
1848;1668477172497976151;10
1849;1668477172608226760;8
1850;1668477172751403033;9
1851;1668477172870269692;6
1852;1668477173039108402;7
1853;1668477173240839463;8
1854;1668477173426717565;5
1855;1668477173529164311;5
1856;1668477173630842460;10
1857;1668477173754504005;10
1858;1668477173858530357;8
1859;1668477173961199790;10
1860;1668477174066164580;10
1861;1668477174167612461;10
1862;1668477174304371032;10
1863;1668477174405354695;7
1864;1668477174535762665;10
1865;1668477174638697226;8
1866;1668477174741564944;10
1867;1668477174847386886;10
1868;1668477175001823972;8
1869;1668477175129122752;8
1870;1668477175236724924;8
1871;1668477175345121021;10
1872;1668477175481620259;9
1873;1668477175616156864;7
1874;1668477175721888634;7
1875;1668477175859190362;9
1876;1668477175966866235;8
1877;1668477176070734301;9
1878;1668477176256135382;10
1879;1668477176372207707;5
1880;1668477176474379241;9
1881;1668477176574974444;10
1882;1668477176679727708;10
1883;1668477176812976426;10
1884;1668477176923013962;7
1885;1668477177062694823;7
1886;1668477177172892378;10
1887;1668477177299520669;9
1888;1668477177401437100;8
1889;1668477177533494299;10
1890;1668477177642370711;7
1891;1668477177745340727;9
1892;1668477177907973938;6
1893;1668477178010115047;10
1894;1668477178142513996;8
1895;1668477178278170490;9
1896;1668477178383437974;7
1897;1668477178522241161;9
1898;1668477178651092460;7
1899;1668477178802785671;8
1900;1668477178904119182;7
1901;1668477179034016948;10
1902;1668477179137479335;8
1903;1668477179262646470;10
1904;1668477179366601131;8
1905;1668477179469270127;10
1906;1668477179570549723;10
1907;1668477179673649121;10
1908;1668477179802637133;10
1909;1668477179904360519;8
1910;1668477180005645094;10
1911;1668477180147328312;10
1912;1668477180248866131;7
1913;1668477180381747286;10
1914;1668477180484144890;8
1915;1668477180586972182;10
1916;1668477180722323905;10
1917;1668477180826178300;7
1918;1668477180951950196;9
1919;1668477181052183629;8
1920;1668477181153481854;10
1921;1668477181255925052;10
1922;1668477181383594867;10
1923;1668477181486052111;8
1924;1668477181587890426;10
1925;1668477181721961238;10
1926;1668477181833306883;7
1927;1668477181975443859;9
1928;1668477182077451784;7
1929;1668477182179658730;10
1930;1668477182305990192;8
1931;1668477182463954673;10
1932;1668477182567071737;6
1933;1668477182699987096;10
1934;1668477182803709854;7
1935;1668477182911359445;9
1936;1668477183061861898;7
1937;1668477183164955385;10
1938;1668477183289617994;10
1939;1668477183393788757;8
1940;1668477183551581202;6
1941;1668477183660404782;10
1942;1668477183766127577;9
1943;1668477183907364886;7
1944;1668477184011852597;9
1945;1668477184283288839;7
1946;1668477184386225248;4
1947;1668477184487526381;10
1948;1668477184589771381;10
1949;1668477184735032820;7
1950;1668477184835619217;10
1951;1668477184959834686;10
1952;1668477185062967720;8
1953;1668477185168024656;9
1954;1668477185315858214;10
1955;1668477185421671790;7
1956;1668477185524852795;9
1957;1668477185649386766;10
1958;1668477185760031589;8
1959;1668477185889748078;10
1960;1668477186038179502;7
1961;1668477186142344834;7
1962;1668477186244309406;10
1963;1668477186391765184;10
1964;1668477186494443720;7
1965;1668477186595047923;10
1966;1668477186727526148;10
1967;1668477186830587823;7
1968;1668477186939975993;10
1969;1668477187072748585;7
1970;1668477187184670357;9
1971;1668477187329811364;9
1972;1668477187434755749;7
1973;1668477187538637379;10
1974;1668477187662371190;9
1975;1668477187766841678;8
1976;1668477187871139596;10
1977;1668477188013672474;7
1978;1668477188141466606;9
1979;1668477188243257962;8
1980;1668477188348168281;10
1981;1668477188482123376;7
1982;1668477188586746464;10
1983;1668477188736119678;10
1984;1668477188840990223;7
1985;1668477188988882951;10
1986;1668477189107498951;7
1987;1668477189252952381;8
1988;1668477189355702663;7
1989;1668477189504202567;10
1990;1668477189609497260;7
1991;1668477189712137264;9
1992;1668477189846112764;10
1993;1668477189949129983;7
1994;1668477190080560932;10
1995;1668477190191209661;8
1996;1668477190324767115;9
1997;1668477190431333404;8
1998;1668477190566433629;9
1999;1668477190671697122;7
2000;1668477190814949029;10
2001;1668477190917458730;7
2002;1668477191052417302;10
2003;1668477191158231952;7
2004;1668477191310057606;6
2005;1668477191451510369;10
2006;1668477191553857057;7
2007;1668477191688698505;10
2008;1668477191793303895;7
2009;1668477191930809736;9
2010;1668477192035027508;7
2011;1668477192137578350;10
2012;1668477192265824986;10
2013;1668477192369947618;8
2014;1668477192500681973;10
2015;1668477192601846148;8
2016;1668477192716236367;10
2017;1668477192816293107;9
2018;1668477192917672901;10
2019;1668477193021105686;10
2020;1668477193165595171;7
2021;1668477193294086501;10
2022;1668477193398242067;8
2023;1668477193503224261;10
2024;1668477193607616646;10
2025;1668477193774802705;6
2026;1668477193898254290;10
2027;1668477194009774828;8
2028;1668477194113474425;9
2029;1668477194215182970;10
2030;1668477194353541850;7
2031;1668477194498697162;9
2032;1668477194602765254;7
2033;1668477194704677910;10
2034;1668477194819799872;10
2035;1668477195053050757;9
2036;1668477195156772475;4
2037;1668477195314957024;9
2038;1668477195422833548;6
2039;1668477195548420780;9
2040;1668477195688220153;8
2041;1668477195801055841;7
2042;1668477195950981355;9
2043;1668477196054598764;7
2044;1668477196156114593;10
2045;1668477196285025225;8
2046;1668477196386749966;10
2047;1668477196536131050;10
2048;1668477196638972081;7
2049;1668477196742246126;10
2050;1668477196875262080;10
2051;1668477196986147154;8
2052;1668477197091325335;9
2053;1668477197229399892;9
2054;1668477197333591676;7
2055;1668477197452484228;10
2056;1668477197559442884;8
2057;1668477197664721327;9
2058;1668477197804371563;7
2059;1668477197909506529;10
2060;1668477198047622802;10
2061;1668477198152116055;7
2062;1668477198283654004;9
2063;1668477198386835258;8
2064;1668477198502970471;10
2065;1668477198612051070;8
2066;1668477198760736735;10
2067;1668477198872710661;7
2068;1668477199006206306;9
2069;1668477199111509804;8
2070;1668477199244981509;9
2071;1668477199351908304;8
2072;1668477199460093973;10
2073;1668477199590083653;9
2074;1668477199692980090;8
2075;1668477199825132099;10
2076;1668477199926525935;8
2077;1668477200071445034;10
2078;1668477200176639448;7
2079;1668477200323913879;7
2080;1668477200472743261;10
2081;1668477200574246707;7
2082;1668477200713855929;10
2083;1668477200815264204;7
2084;1668477200957491978;10
2085;1668477201063306686;7
2086;1668477201168051930;9
2087;1668477201316922812;9
2088;1668477201419156333;7
2089;1668477201559590813;9
2090;1668477201665328027;7
2091;1668477201812175660;7
2092;1668477201917424985;9
2093;1668477202045336547;8
2094;1668477202149188663;10
2095;1668477202285534926;10
2096;1668477202386623855;7
2097;1668477202487475585;10
2098;1668477202625358452;10
2099;1668477202727177186;7
2100;1668477202864644123;10
2101;1668477202966737257;7
2102;1668477203116043553;10
2103;1668477203218988295;7
2104;1668477203320243279;10
2105;1668477203465597588;7
2106;1668477203568542586;10
2107;1668477203715075402;10
2108;1668477203816747442;7
2109;1668477203960506167;10
2110;1668477204066364903;7
2111;1668477204206958567;10
2112;1668477204311786719;7
2113;1668477204459974911;7
2114;1668477204568811573;9
2115;1668477204706497420;9
2116;1668477204810676129;7
2117;1668477204937918413;9
2118;1668477205038466126;8
2119;1668477205143687452;10
2120;1668477205285119740;10
2121;1668477205389514713;7
2122;1668477205513652657;10
2123;1668477205746178272;8
2124;1668477205969552031;4
2125;1668477206131308894;4
2126;1668477206326097269;6
2127;1668477206473280135;5
2128;1668477206581891205;7
2129;1668477206704352510;9
2130;1668477206807857063;8
2131;1668477206908532175;10
2132;1668477207045999272;7
2133;1668477207161752935;10
2134;1668477207451430799;9
2135;1668477207554001909;3
2136;1668477207655074342;10
2137;1668477207755997719;10
2138;1668477207897920200;7
2139;1668477208039251450;10
2140;1668477208140581317;7
2141;1668477208242462099;10
2142;1668477208443345464;10
2143;1668477208622335136;5
2144;1668477208726671956;6
2145;1668477208830446501;9
2146;1668477208982717864;7
2147;1668477209129539128;7
2148;1668477209287737186;10
2149;1668477209396284803;6
2150;1668477209500483119;9
2151;1668477209634673100;7
2152;1668477209767506285;10
2153;1668477209876581719;7
2154;1668477209979659298;10
2155;1668477210110717211;10
2156;1668477210212702455;8
2157;1668477210351812769;10
2158;1668477210456161878;7
2159;1668477210556376052;10
2160;1668477210660713300;10
2161;1668477210802074712;10
2162;1668477210904643169;7
2163;1668477211073611753;10
2164;1668477211176551665;6
2165;1668477211315531120;10
2166;1668477211447121974;7
2167;1668477211549270496;8
2168;1668477211653070200;10
2169;1668477211798980135;10
2170;1668477211900397911;7
2171;1668477212033455003;10
2172;1668477212156755967;7
2173;1668477212260179534;8
2174;1668477212424612335;6
2175;1668477212565701862;9
2176;1668477212676686840;7
2177;1668477212787055921;9
2178;1668477212896770219;9
2179;1668477213029910708;9
2180;1668477213131046367;8
2181;1668477213274266102;10
2182;1668477213378953884;7
2183;1668477213505964525;10
2184;1668477213607817313;8
2185;1668477213740258779;10
2186;1668477213844128887;8
2187;1668477213996353685;9
2188;1668477214102153455;7
2189;1668477214229923608;9
2190;1668477214333545604;8
2191;1668477214436898277;10
2192;1668477214569000958;10
2193;1668477214672798152;8
2194;1668477214816250959;7
2195;1668477214948169745;10
2196;1668477215050727613;8
2197;1668477215154308584;10
2198;1668477215258873661;10
2199;1668477215395771492;7
2200;1668477215524130870;9
2201;1668477215627798998;8
2202;1668477215769486762;10
2203;1668477215878027473;7
2204;1668477216014682940;9
2205;1668477216124370677;7
2206;1668477216227283473;9
2207;1668477216369922397;7
2208;1668477216475907472;10
2209;1668477216603629373;8
2210;1668477216765589582;10
2211;1668477216869565884;6
2212;1668477216973391887;9
2213;1668477217106830129;10
2214;1668477217213022451;7
2215;1668477217416791600;9
2216;1668477217579513647;5
2217;1668477217686408892;6
2218;1668477217818410813;9
2219;1668477217926361170;8
2220;1668477218056647777;9
2221;1668477218161610750;8
2222;1668477218263410610;10
2223;1668477218414936431;7
2224;1668477218573484341;10
2225;1668477218676558891;6
2226;1668477218813124855;7
2227;1668477218916373560;10
2228;1668477219060982754;9
2229;1668477219167204542;7
2230;1668477219300612637;7
2231;1668477219409203865;10
2232;1668477219556810868;7
2233;1668477219691199197;9
2234;1668477219797913310;8
2235;1668477219917759385;9
2236;1668477220021841587;8
2237;1668477220126526188;9
2238;1668477220283715840;7
2239;1668477220384959088;9
2240;1668477220535027541;8
2241;1668477220644671078;8
2242;1668477220791565547;9
2243;1668477220901548575;7
2244;1668477221042434053;9
2245;1668477221149749400;7
2246;1668477221282022055;10
2247;1668477221385039871;7
2248;1668477221537367802;10
2249;1668477221641838559;7
2250;1668477221788252190;9
2251;1668477221890371434;7
2252;1668477221993824133;10
2253;1668477222133932636;10
2254;1668477222236034659;7
2255;1668477222346825199;10
2256;1668477222448614607;9
2257;1668477222599540611;10
2258;1668477222722653309;7
2259;1668477222869529815;8
2260;1668477222978735058;7
2261;1668477223163272304;9
2262;1668477223303518011;5
2263;1668477223410082034;7
2264;1668477223514810161;9
2265;1668477223659948480;7
2266;1668477223796022929;10
2267;1668477223933866426;7
2268;1668477224083917761;7
2269;1668477224186027491;7
2270;1668477224288218039;10
2271;1668477224440236692;7
2272;1668477224540622356;10
2273;1668477224686739831;10
2274;1668477224792138070;7
2275;1668477224929977171;9
2276;1668477225033917009;8
2277;1668477225136423530;10
2278;1668477225284190859;10
2279;1668477225385056343;7
2280;1668477225486135997;10
2281;1668477225623267022;7
2282;1668477225771023531;10
2283;1668477225872129241;7
2284;1668477226009104053;10
2285;1668477226113204810;7
2286;1668477226217813681;9
2287;1668477226358407641;10
2288;1668477226460148115;7
2289;1668477226566875833;10
2290;1668477226707648902;7
2291;1668477226814791333;9
2292;1668477226956565452;7
2293;1668477227061539762;10
2294;1668477227165989923;10
2295;1668477227298810572;8
2296;1668477227404131494;9
2297;1668477227536134441;8
2298;1668477227638103959;9
2299;1668477227762980965;10
2300;1668477227865074709;8
2301;1668477227972496839;10
2302;1668477228108608317;9
2303;1668477228211757334;7
2304;1668477228403313753;10
2305;1668477228507420931;5
2306;1668477228611639307;10
2307;1668477228745524273;10
2308;1668477228849622408;8
2309;1668477228971473303;10
2310;1668477229076321607;8
2311;1668477229180154190;10
2312;1668477229283403227;10
2313;1668477229416178220;8
2314;1668477229519215225;10
2315;1668477229655976405;10
2316;1668477229758736298;7
2317;1668477229904346391;10
2318;1668477230006396067;7
2319;1668477230143787500;10
2320;1668477230244310306;7
2321;1668477230347339612;10
2322;1668477230449891174;10
2323;1668477230588994623;10
2324;1668477230693970784;7
2325;1668477230841920029;9
2326;1668477230966472207;7
2327;1668477231070008653;8
2328;1668477231224575651;6
2329;1668477231367494786;10
2330;1668477231472298175;7
2331;1668477231604538135;9
2332;1668477231716388474;8
2333;1668477231847471927;9
2334;1668477231952157083;8
2335;1668477232060061363;10
2336;1668477232182670198;9
2337;1668477232289766537;8
2338;1668477232420548086;9
2339;1668477232524918140;8
2340;1668477232659946144;9
2341;1668477232784304513;7
2342;1668477232891049364;8
2343;1668477232996323675;9
2344;1668477233133000546;7
2345;1668477233238905662;10
2346;1668477233370433909;9
2347;1668477233472305671;8
2348;1668477233607488879;10
2349;1668477233709788379;7
2350;1668477233850649594;9
2351;1668477233954031237;7
2352;1668477234083962008;9
2353;1668477234185620647;8
2354;1668477234339172433;9
2355;1668477234443413314;7
2356;1668477234545584220;10
2357;1668477234672768310;10
2358;1668477234775085859;8
2359;1668477234877130057;10
2360;1668477235000680639;10
2361;1668477235101728021;8
2362;1668477235239855519;10
2363;1668477235343959028;7
2364;1668477235499478755;9
2365;1668477235609116149;7
2366;1668477235744898993;9
2367;1668477235851829457;7
2368;1668477236008790770;9
2369;1668477236112491979;6
2370;1668477236215183507;10
2371;1668477236372834409;7
2372;1668477236509852591;9
2373;1668477236614277776;7
2374;1668477236750865469;10
2375;1668477236853006778;7
2376;1668477237004982879;10
2377;1668477237110508711;6
2378;1668477237213063056;10
2379;1668477237352473885;7
2380;1668477237453130422;10
2381;1668477237596983991;10
2382;1668477237701803757;7
2383;1668477237807149354;10
2384;1668477237955972652;7
2385;1668477238097074251;9
2386;1668477238201479827;7
2387;1668477238339018704;10
2388;1668477238442419910;7
2389;1668477238555245462;10
2390;1668477238701793076;6
2391;1668477238805415460;10
2392;1668477238955975197;7
2393;1668477239235574252;10
2394;1668477239436831528;4
2395;1668477239545179887;5
2396;1668477239656291614;9
2397;1668477239821638400;6
2398;1668477239975221327;6
2399;1668477240124891165;10
2400;1668477240234722045;7
2401;1668477240384041497;6
2402;1668477240486675883;10
2403;1668477240620978293;10
2404;1668477240723504180;7
2405;1668477240865798550;9
2406;1668477240967895059;7
2407;1668477241083515055;10
2408;1668477241185545275;9
2409;1668477241290868389;10
2410;1668477241432908480;10
2411;1668477241537490612;7
2412;1668477241673874690;9
2413;1668477241779494937;7
2414;1668477241914475315;9
2415;1668477242020708099;8
2416;1668477242125250529;9
2417;1668477242262336636;10
2418;1668477242362946624;7
2419;1668477242495989061;10
2420;1668477242597321529;7
2421;1668477242698714086;10
2422;1668477242802063514;10
2423;1668477242941365565;7
2424;1668477243047167999;10
2425;1668477243195000102;9
2426;1668477243297746048;7
2427;1668477243420129740;9
2428;1668477243533278510;8
2429;1668477243682504919;7
2430;1668477243797059626;8
2431;1668477243944679239;7
2432;1668477244048024781;10
2433;1668477244188949446;10
2434;1668477244294920012;7
2435;1668477244398684458;9
2436;1668477244545190297;10
2437;1668477244654037572;7
2438;1668477244798079486;10
2439;1668477244908915149;7
2440;1668477245061382132;10
2441;1668477245162128590;7
2442;1668477245270420101;10
2443;1668477245410522594;7
2444;1668477245514246349;10
2445;1668477245616968188;10
2446;1668477245755207264;7
2447;1668477245859444331;10
2448;1668477246005305352;10
2449;1668477246107827722;7
2450;1668477246211132951;10
2451;1668477246358711802;10
2452;1668477246490285955;7
2453;1668477246592868279;8
2454;1668477246742720576;9
2455;1668477246846242676;7
2456;1668477247006126687;10
2457;1668477247107321948;6
2458;1668477247270018698;10
2459;1668477247373237720;6
2460;1668477247515270416;10
2461;1668477247627922854;7
2462;1668477247763071038;9
2463;1668477247877552821;7
2464;1668477248011658835;7
2465;1668477248119409736;10
2466;1668477248254523341;9
2467;1668477248360104110;7
2468;1668477248506076246;10
2469;1668477248612347063;7
2470;1668477248716837030;9
2471;1668477248872927761;7
2472;1668477248978777870;9
2473;1668477249107176444;9
2474;1668477249221481080;7
2475;1668477249357727558;10
2476;1668477249458305444;7
2477;1668477249559563471;10
2478;1668477249719668670;10
2479;1668477249822802585;6
2480;1668477249928028578;10
2481;1668477250074381052;7
2482;1668477250275757817;10
2483;1668477250381762525;5
2484;1668477250486520991;9
2485;1668477250635610227;7
2486;1668477250768027058;10
2487;1668477250876207542;7
2488;1668477250999353135;8
2489;1668477251104370645;9
2490;1668477251255100617;7
2491;1668477251364690893;9
2492;1668477251502787785;9
2493;1668477251605300375;7
2494;1668477251709681423;10
2495;1668477251813236474;9
2496;1668477251962040374;7
2497;1668477252092639817;9
2498;1668477252222140647;8
2499;1668477252345181156;8
2500;1668477252451820874;8
2501;1668477252555840547;9
2502;1668477252694868355;8
2503;1668477252811697670;8
2504;1668477252926419977;8
2505;1668477253043244688;10
2506;1668477253144246786;9
2507;1668477253257132591;10
2508;1668477253384759009;9
2509;1668477253494214381;8
2510;1668477253610149771;9
2511;1668477253715960481;9
2512;1668477253827174885;9
2513;1668477253946881679;9
2514;1668477254061998407;8
2515;1668477254200192948;9
2516;1668477254310855411;7
2517;1668477254431080574;9
2518;1668477254566497351;8
2519;1668477254678751021;7
2520;1668477254801066840;9
2521;1668477254913480534;8
2522;1668477255015414996;9
2523;1668477255153808037;10
2524;1668477255267578495;7
2525;1668477255449520928;7
2526;1668477255564930787;7
2527;1668477255690919963;9
2528;1668477255795382432;8
2529;1668477255901452592;10
2530;1668477256017456841;9
2531;1668477256124249984;9
2532;1668477256245646116;9
2533;1668477256365036209;8
2534;1668477256470938862;8
2535;1668477256582977843;10
2536;1668477256690387567;8
2537;1668477256792374725;10
2538;1668477256912116084;9
2539;1668477257017442321;9
2540;1668477257120905326;10
2541;1668477257228471246;10
2542;1668477257342824055;8
2543;1668477257452986069;9
2544;1668477257566693199;9
2545;1668477257672457934;9
2546;1668477257777849982;9
2547;1668477257909889571;10
2548;1668477258014555333;8
2549;1668477258129285243;10
2550;1668477258339257619;9
2551;1668477258443123701;5
2552;1668477258553978600;9
2553;1668477258656962395;9
2554;1668477258780686179;9
2555;1668477258898706122;8
2556;1668477259003383872;8
2557;1668477259150046243;10
2558;1668477259256491054;7
2559;1668477259676201774;9
2560;1668477259779596738;2
2561;1668477259905515050;8
2562;1668477260090931046;10
2563;1668477260196567541;5
2564;1668477260307219656;9
2565;1668477260663276331;9
2566;1668477260788645264;3
2567;1668477260989806896;8
2568;1668477261097700267;5
2569;1668477261212421327;9
2570;1668477261321462629;8
2571;1668477261433018360;9
2572;1668477261915180571;2
2573;1668477262021716471;10
2574;1668477262177601557;9
2575;1668477262292730550;6
2576;1668477262456233052;7
2577;1668477262603985216;8
2578;1668477262767826596;7
2579;1668477262923108021;6
2580;1668477263029908855;6
2581;1668477263175942837;10
2582;1668477263278533224;7
2583;1668477263379171230;10
2584;1668477263529656090;9
2585;1668477263645806330;7
2586;1668477263754448441;9
2587;1668477263888230918;7
2588;1668477264003811550;9
2589;1668477264152263754;9
2590;1668477264281012021;6
2591;1668477264400123089;8
2592;1668477264560978473;8
2593;1668477264663786684;6
2594;1668477264829219676;8
2595;1668477264952689006;7
2596;1668477265065540784;8
2597;1668477265178775880;8
2598;1668477265324271890;9
2599;1668477265438067378;7
2600;1668477265594851309;9
2601;1668477265696863779;7
2602;1668477265802770247;10
2603;1668477265935526704;9
2604;1668477266045193628;8
2605;1668477266203054974;7
2606;1668477266313162330;8
2607;1668477266415068614;9
2608;1668477266552729159;7
2609;1668477266653570828;10
2610;1668477266805732979;7
2611;1668477266911882285;9
2612;1668477267015665659;9
2613;1668477267172402549;7
2614;1668477267280105887;9
2615;1668477267429776217;7
2616;1668477267581000254;9
2617;1668477267682760564;7
2618;1668477267855223629;9
2619;1668477267961934238;6
2620;1668477268067004550;10
2621;1668477268201901451;7
2622;1668477268350840324;9
2623;1668477268459621792;7
2624;1668477268608556996;9
2625;1668477268831564553;7
2626;1668477268969376131;5
2627;1668477269069854342;7
2628;1668477269175209940;10
2629;1668477269280054129;10
2630;1668477269417654122;9
2631;1668477269571816278;7
2632;1668477269715308580;5
2633;1668477269817471730;10
2634;1668477269926528862;9
2635;1668477270062268451;7
2636;1668477270192633758;10
2637;1668477270425737155;8
2638;1668477270569551845;4
2639;1668477270676336654;7
2640;1668477270783221782;9
2641;1668477270892413387;10
2642;1668477270993777897;9
2643;1668477271194652440;10
2644;1668477271302252713;5
2645;1668477271428997621;9
2646;1668477271541483207;8
2647;1668477271647402375;9
2648;1668477271822069328;9
2649;1668477271937255034;6
2650;1668477272116821352;6
2651;1668477272299613912;8
2652;1668477272479272041;5
2653;1668477272645487728;6
2654;1668477272750409763;6
2655;1668477272859093613;9
2656;1668477272978990161;9
2657;1668477273084772184;8
2658;1668477273219157915;7
2659;1668477273324718130;10
2660;1668477273454345035;8
2661;1668477273593472495;10
2662;1668477273697271459;7
2663;1668477273863249562;6
2664;1668477273968998749;9
2665;1668477274094190752;10
2666;1668477274198310434;8
2667;1668477274320262960;10
2668;1668477274420970427;8
2669;1668477274525780305;10
2670;1668477274660368309;10
2671;1668477274765068074;7
2672;1668477274899296493;10
2673;1668477275012523092;7
2674;1668477275125073431;9
2675;1668477275256055811;7
2676;1668477275399289287;10
2677;1668477275506771880;7
2678;1668477275649442341;9
2679;1668477275751416290;7
2680;1668477275874446009;10
2681;1668477275993853933;8
2682;1668477276154113363;8
2683;1668477276256934762;7
2684;1668477276383486236;10
2685;1668477276488222348;8
2686;1668477276634578930;10
2687;1668477276776099917;7
2688;1668477276881878631;7
2689;1668477277025362557;9
2690;1668477277198733506;7
2691;1668477277301117486;6
2692;1668477277447549414;9
2693;1668477277554274694;7
2694;1668477277694943706;9
2695;1668477277795681108;7
2696;1668477277897991628;10
2697;1668477278000296117;10
2698;1668477278137587697;10
2699;1668477278238546415;7
2700;1668477278338895765;10
2701;1668477278483856065;10
2702;1668477278588351454;7
2703;1668477278688668501;10
2704;1668477278892370327;7
2705;1668477279005769288;6
2706;1668477279146887998;9
2707;1668477279273647971;7
2708;1668477279408743360;8
2709;1668477279534610057;7
2710;1668477279679600942;8
2711;1668477279785091113;7
2712;1668477279909194166;10
2713;1668477280010908570;8
2714;1668477280113185342;10
2715;1668477280265914825;7
2716;1668477280370174793;9
2717;1668477280497921947;10
2718;1668477280604215128;8
2719;1668477280740115139;10
2720;1668477280844575114;7
2721;1668477280978477242;10
2722;1668477281083510485;8
2723;1668477281229874850;10
2724;1668477281332588790;7
2725;1668477281475765627;10
2726;1668477281579713385;7
2727;1668477281768332815;10
2728;1668477281983061490;5
2729;1668477282087258958;5
2730;1668477282198240455;10
2731;1668477282455051576;9
2732;1668477282562388628;4
2733;1668477282726061530;6
2734;1668477282864988583;10
2735;1668477282968080092;7
2736;1668477283096172072;10
2737;1668477283239024643;8
2738;1668477283344626709;7
2739;1668477283450420396;10
2740;1668477283573776287;10
2741;1668477283675405219;8
2742;1668477283832420352;10
2743;1668477283986317433;6
2744;1668477284097820923;7
2745;1668477284224544571;9
2746;1668477284334628925;8
2747;1668477284437226381;9
2748;1668477284573120158;10
2749;1668477284682363003;7
2750;1668477284810912016;7
2751;1668477284920416678;10
2752;1668477285063886233;7
2753;1668477285199752816;10
2754;1668477285330567628;8
2755;1668477285433243597;8
2756;1668477285536140862;10
2757;1668477285700892538;6
2758;1668477285830288270;9
2759;1668477285931322836;8
2760;1668477286072614328;10
2761;1668477286176238491;7
2762;1668477286312006322;10
2763;1668477286419909341;7
2764;1668477286557691889;9
2765;1668477286660787479;7
2766;1668477286763627444;10
2767;1668477286914656077;7
2768;1668477287048180634;9
2769;1668477287150111919;8
2770;1668477287291478735;10
2771;1668477287395281803;7
2772;1668477287519810336;8
2773;1668477287649754543;10
2774;1668477287754021779;8
2775;1668477287857620774;9
2776;1668477287994343301;10
2777;1668477288097860864;7
2778;1668477288209807239;10
2779;1668477288313139197;9
2780;1668477288495799020;6
2781;1668477288638617140;7
2782;1668477288742181886;7
2783;1668477288843851761;10
2784;1668477289009514890;6
2785;1668477289124072369;10
2786;1668477289225673934;9
2787;1668477289356274079;9
2788;1668477289459604136;8
2789;1668477289628197760;7
2790;1668477289767735246;8
2791;1668477289885440204;7
2792;1668477290025364874;9
2793;1668477290133309930;7
2794;1668477290268699944;9
2795;1668477290374716385;8
2796;1668477290510316228;9
2797;1668477290611142728;8
2798;1668477290781758023;6
2799;1668477290921748086;9
2800;1668477291025286229;7
2801;1668477291151942258;10
2802;1668477291266972018;8
2803;1668477291367941360;9
2804;1668477291468333532;10
2805;1668477291618509529;7
2806;1668477291756948728;7
2807;1668477291864159608;10
2808;1668477292013684936;6
2809;1668477292159536202;10
2810;1668477292261473065;7
2811;1668477292407870255;10
2812;1668477292515936671;7
2813;1668477292702420591;9
2814;1668477292880382732;5
2815;1668477292986911699;5
2816;1668477293099815458;10
2817;1668477293225886905;9
2818;1668477293330799641;8
2819;1668477293466469537;9
2820;1668477293619628290;6
2821;1668477293723541079;8
2822;1668477293860237283;10
2823;1668477293961071018;7
2824;1668477294072263013;10
2825;1668477294209858379;7
2826;1668477294316298019;10
2827;1668477294457783042;9
2828;1668477294558763457;7
2829;1668477294660482317;10
2830;1668477294864615409;9
2831;1668477295028606941;5
2832;1668477295135112187;6
2833;1668477295291243063;10
2834;1668477295395528077;6
2835;1668477295500115837;10
2836;1668477295641648298;9
2837;1668477295747473917;7
2838;1668477295855592924;9
2839;1668477295993299572;9
2840;1668477296095960605;7
2841;1668477296224508400;10
2842;1668477296326012929;8
2843;1668477296455234815;10
2844;1668477296561864455;8
2845;1668477296663985281;10
2846;1668477296794033009;8
2847;1668477296896589377;10
2848;1668477297033866568;10
2849;1668477297139255643;7
2850;1668477297241242913;10
2851;1668477297382796997;7
2852;1668477297488521035;10
2853;1668477297617557640;10
2854;1668477297720081830;8
2855;1668477297821097515;10
2856;1668477297987464388;6
2857;1668477298095733921;9
2858;1668477298241553308;9
2859;1668477298347362231;7
2860;1668477298457767404;9
2861;1668477298599178364;9
2862;1668477298703891614;7
2863;1668477298808638114;9
2864;1668477298939012312;10
2865;1668477299047566651;7
2866;1668477299183267249;7
2867;1668477299285366774;10
2868;1668477299431954520;10
2869;1668477299536142629;7
2870;1668477299637992633;10
2871;1668477299778653612;7
2872;1668477299880029870;10
2873;1668477299984246549;10
2874;1668477300088089727;10
2875;1668477300217810515;10
2876;1668477300320081691;8
2877;1668477300428095919;9
2878;1668477300563106983;7
2879;1668477300699080667;10
2880;1668477300808595901;7
2881;1668477300911788918;9
2882;1668477301055636468;10
2883;1668477301158941750;7
2884;1668477301306021343;9
2885;1668477301415241881;7
2886;1668477301517405662;10
2887;1668477301664900274;7
2888;1668477301781566872;9
2889;1668477301918993941;7
2890;1668477302024274874;10
2891;1668477302153666441;9
2892;1668477302259998740;8
2893;1668477302407290707;9
2894;1668477302519864308;7
2895;1668477302624713353;9
2896;1668477302781756150;7
2897;1668477302928475499;6
2898;1668477303029265024;9
2899;1668477303131311759;10
2900;1668477303233136937;10
2901;1668477303378610854;7
2902;1668477303482460657;10
2903;1668477303631587508;10
2904;1668477303736689298;7
2905;1668477304009831202;9
2906;1668477304185154623;4
2907;1668477304293529131;6
2908;1668477304398246312;9
2909;1668477304523826776;9
2910;1668477304628561537;8
2911;1668477304766704848;9
2912;1668477304873411566;7
2913;1668477305016065315;9
2914;1668477305117441967;7
2915;1668477305263054357;9
2916;1668477305364848782;7
2917;1668477305528187610;9
2918;1668477305639928835;7
2919;1668477305774641576;9
2920;1668477305879701469;7
2921;1668477305982581753;10
2922;1668477306094259222;10
2923;1668477306227442448;9
2924;1668477306334523110;8
2925;1668477306471487930;10
2926;1668477306630307999;7
2927;1668477306736516928;7
2928;1668477306892833684;6
2929;1668477306995772407;10
2930;1668477307098238863;10
2931;1668477307231513867;7
2932;1668477307334466837;10
2933;1668477307465810586;9
2934;1668477307570815103;8
2935;1668477307679108853;9
2936;1668477307823744982;7
2937;1668477307925949318;9
2938;1668477308065275264;9
2939;1668477308169144912;7
2940;1668477308310251551;10
2941;1668477308412894127;7
2942;1668477308561585706;10
2943;1668477308662551868;7
2944;1668477308829355508;10
2945;1668477308966770514;6
2946;1668477309079381793;7
2947;1668477309225836029;7
2948;1668477309379311929;6
2949;1668477309526231363;10
2950;1668477309635867730;7
2951;1668477309783323475;7
2952;1668477309886605383;10
2953;1668477310039303026;7
2954;1668477310143291128;10
2955;1668477310247863354;10
2956;1668477310384103844;7
2957;1668477310492746389;10
2958;1668477310632789212;9
2959;1668477310737364750;7
2960;1668477310868079479;9
2961;1668477310973080129;8
2962;1668477311076329994;10
2963;1668477311237735551;10
2964;1668477311346324535;6
2965;1668477311464370428;10
2966;1668477311568462855;9
2967;1668477311707133960;9
2968;1668477311810776241;7
2969;1668477311915317951;10
2970;1668477312037444971;10
2971;1668477312139684776;8
2972;1668477312240486464;10
2973;1668477312391739967;10
2974;1668477312494475348;7
2975;1668477312636672125;10
2976;1668477312737473575;7
2977;1668477312837962812;10
2978;1668477312938392007;10
2979;1668477313080607819;10
2980;1668477313189539888;7
2981;1668477313333636074;7
2982;1668477313437534720;10
2983;1668477313539773035;10
2984;1668477313671371280;10
2985;1668477313773415500;8
2986;1668477313920956055;10
2987;1668477314021423005;7
2988;1668477314125117968;10
2989;1668477314258348531;10
2990;1668477314365079812;7
2991;1668477314468336486;9
2992;1668477314611782306;7
2993;1668477314717571645;9
2994;1668477315085703838;4
2995;1668477315188317522;5
2996;1668477315295592778;10
2997;1668477315407312978;9
2998;1668477315508795834;9
2999;1668477315659171185;10
3000;1668477315763176090;7
3001;1668477315898701477;10
3002;1668477316005991223;8
3003;1668477316143966153;9
3004;1668477316256488576;7
3005;1668477316386024715;7
3006;1668477316526395955;9
3007;1668477316629828686;8
3008;1668477316787887685;6
3009;1668477317004880883;9
3010;1668477317139184688;5
3011;1668477317243262923;8
3012;1668477317395053837;9
3013;1668477317499998857;7
3014;1668477317629714117;7
3015;1668477317736465269;10
3016;1668477317884448289;9
3017;1668477317992753554;7
3018;1668477318147377046;7
3019;1668477318287182294;9
3020;1668477318392876377;7
3021;1668477318529622370;9
3022;1668477318646766629;7
3023;1668477318785686506;7
3024;1668477318931900549;9
3025;1668477319040855190;7
3026;1668477319176600428;7
3027;1668477319279978908;10
3028;1668477319415710656;7
3029;1668477319515833228;10
3030;1668477319624949022;10
3031;1668477319781732395;6
3032;1668477319907331169;9
3033;1668477320011500619;8
3034;1668477320115408019;10
3035;1668477320243884093;8
3036;1668477320344189563;10
3037;1668477320478084590;10
3038;1668477320586725547;7
3039;1668477320717057560;9
3040;1668477320818954129;8
3041;1668477320962626910;10
3042;1668477321075954220;7
3043;1668477321229530805;9
3044;1668477321336783715;7
3045;1668477321475799253;9
3046;1668477321579521763;7
3047;1668477321703783236;10
3048;1668477321805922639;8
3049;1668477321950568992;10
3050;1668477322054582755;7
3051;1668477322155994398;10
3052;1668477322258541535;10
3053;1668477322359862929;10
3054;1668477322494626232;10
3055;1668477322600710983;7
3056;1668477322702316711;9
3057;1668477322848947492;10
3058;1668477322950623635;7
3059;1668477323059293586;10
3060;1668477323203055838;7
3061;1668477323306373230;9
3062;1668477323410298827;10
3063;1668477323564061983;7
3064;1668477323701541899;9
3065;1668477323804729141;7
3066;1668477323908344495;10
3067;1668477324057013957;10
3068;1668477324168465428;7
3069;1668477324304307224;7
3070;1668477324412658250;10
3071;1668477324567207870;9
3072;1668477324678123662;6
3073;1668477324820504379;9
3074;1668477324923532396;7
3075;1668477325030230338;10
3076;1668477325162892409;7
3077;1668477325313417322;10
3078;1668477325413836954;7
3079;1668477325517004121;10
3080;1668477325656865255;9
3081;1668477325764341817;7
3082;1668477326170228675;3
3083;1668477326270943828;5
3084;1668477326372015820;10
3085;1668477326474452449;10
3086;1668477326608301137;7
3087;1668477326714217856;10
3088;1668477326847770939;9
3089;1668477326950302331;8
3090;1668477327085881076;10
3091;1668477327188986584;7
3092;1668477327297635570;9
3093;1668477327442399556;7
3094;1668477327576407029;10
3095;1668477327678769454;8
3096;1668477327818378502;10
3097;1668477327920874572;7
3098;1668477328023959645;10
3099;1668477328174878720;7
3100;1668477328302752619;10
3101;1668477328412072542;8
3102;1668477328548809898;9
3103;1668477328651116388;7
3104;1668477328757061650;10
3105;1668477328922636268;6
3106;1668477329061656502;9
3107;1668477329184814440;6
3108;1668477329321356740;7
3109;1668477329446610534;10
3110;1668477329551150529;8
3111;1668477329652650539;10
3112;1668477329793375473;9
3113;1668477329903717119;8
3114;1668477330036154167;7
3115;1668477330167162065;9
3116;1668477330273168977;8
3117;1668477330413099634;10
3118;1668477330516966603;7
3119;1668477330653856504;7
3120;1668477330796348829;10
3121;1668477330900722685;7
3122;1668477331001505589;10
3123;1668477331156175167;7
3124;1668477331293325563;7
3125;1668477331397372694;10
3126;1668477331539978723;10
3127;1668477331646926971;7
3128;1668477331762557089;9
3129;1668477331868766276;9
3130;1668477332023947767;10
3131;1668477332130835127;6
3132;1668477332251495784;9
3133;1668477332360667819;8
3134;1668477332524005636;6
3135;1668477332649768262;9
3136;1668477332756390055;8
3137;1668477332899526301;10
3138;1668477333005913366;7
3139;1668477333146175600;9
3140;1668477333254778452;7
3141;1668477333417950669;6
3142;1668477333520159748;9
3143;1668477333680356384;6
3144;1668477333783851840;9
3145;1668477333920007193;10
3146;1668477334023881066;7
3147;1668477334159727360;7
3148;1668477334266093983;10
3149;1668477334401684820;7
3150;1668477334505060838;9
3151;1668477334646715222;10
3152;1668477334751442897;7
3153;1668477334854460135;10
3154;1668477334984200331;8
3155;1668477335089184485;10
3156;1668477335227687094;10
3157;1668477335331789688;7
3158;1668477335440997551;9
3159;1668477335566381729;9
3160;1668477335668120104;8
3161;1668477335772864464;10
3162;1668477335916152488;9
3163;1668477336022129158;7
3164;1668477336166912566;9
3165;1668477336270439776;7
3166;1668477336404505917;9
3167;1668477336516065743;7
3168;1668477336795798242;3
3169;1668477336898520614;10
3170;1668477337034987263;10
3171;1668477337140705695;7
3172;1668477337284604505;7
3173;1668477337405245436;10
3174;1668477337507406464;8
3175;1668477337613553932;10
3176;1668477337716720490;10
3177;1668477337820104334;10
3178;1668477337962360594;7
3179;1668477338111785611;9
3180;1668477338259980277;7
3181;1668477338369205189;7
3182;1668477338506714491;9
3183;1668477338611293891;7
3184;1668477338720211205;9
3185;1668477338852744352;10
3186;1668477338961197321;7
3187;1668477339094918156;7
3188;1668477339318028297;6
3189;1668477339427194077;6
3190;1668477339552196207;9
3191;1668477339659911443;8
3192;1668477339793415119;9
3193;1668477339899622389;8
3194;1668477340007228704;9
3195;1668477340137202463;8
3196;1668477340323806713;9
3197;1668477340448610347;6
3198;1668477340551158585;8
3199;1668477340661020357;10
3200;1668477340785234696;9
3201;1668477340891001439;8
3202;1668477341043387511;7
3203;1668477341149873671;8
3204;1668477341286515840;7
3205;1668477341391396155;10
3206;1668477341517781715;8
3207;1668477341618628897;10
3208;1668477341768373672;10
3209;1668477341874388081;7
3210;1668477341999988313;9
3211;1668477342101392462;8
3212;1668477342204048461;10
3213;1668477342357283727;7
3214;1668477342487703630;10
3215;1668477342592144849;8
3216;1668477342764659742;6
3217;1668477342910833800;7
3218;1668477343036771325;10
3219;1668477343142753085;8
3220;1668477343299300200;9
3221;1668477343399904560;6
3222;1668477343504777406;10
3223;1668477343636474472;9
3224;1668477343737269613;8
3225;1668477343838408456;10
3226;1668477343988365177;7
3227;1668477344090481415;10
3228;1668477344231046985;10
3229;1668477344342151123;7
3230;1668477344446394278;9
3231;1668477344550928148;10
3232;1668477344677776803;10
3233;1668477344780610650;8
3234;1668477344928614251;10
3235;1668477345041718525;7
3236;1668477345201823747;9
3237;1668477345306762496;7
3238;1668477345446937250;7
3239;1668477345568277879;9
3240;1668477345701706563;7
3241;1668477345805059399;10
3242;1668477345948854430;7
3243;1668477346054506650;9
3244;1668477346214359066;6
3245;1668477346317403414;10
3246;1668477346454246953;10
3247;1668477346557936689;7
3248;1668477346711210342;9
3249;1668477346815105145;7
3250;1668477346916701454;10
3251;1668477347047630873;10
3252;1668477347151864554;8
3253;1668477347428182824;9
3254;1668477347575185782;4
3255;1668477347679188180;7
3256;1668477347831769760;9
3257;1668477347939437189;7
3258;1668477348066649830;8
3259;1668477348204618920;9
3260;1668477348307804220;7
3261;1668477348443333007;10
3262;1668477348642304300;7
3263;1668477348815404980;5
3264;1668477348922005609;6
3265;1668477349026220390;9
3266;1668477349171878152;9
3267;1668477349274282517;7
3268;1668477349397030114;9
3269;1668477349503448235;8
3270;1668477349605896722;9
3271;1668477349707830120;10
3272;1668477349836755501;8
3273;1668477349966663680;10
3274;1668477350068719748;8
3275;1668477350171403858;10
3276;1668477350303399054;9
3277;1668477350407592466;8
3278;1668477350518697833;10
3279;1668477350624221034;9
3280;1668477350773143864;10
3281;1668477350880979132;7
3282;1668477351017341774;7
3283;1668477351143802802;8
3284;1668477351251306510;9
3285;1668477351379131728;10
3286;1668477351484493043;8
3287;1668477351629582367;7
3288;1668477351787899801;9
3289;1668477351894504930;6
3290;1668477351999478046;10
3291;1668477352103635423;10
3292;1668477352206592866;10
3293;1668477352347816074;9
3294;1668477352448499991;7
3295;1668477352551608458;10
3296;1668477352683845855;9
3297;1668477352786464711;8
3298;1668477352887866219;10
3299;1668477353037402357;7
3300;1668477353140018007;10
3301;1668477353263477132;10
3302;1668477353366042015;8
3303;1668477353500380830;10
3304;1668477353625314428;7
3305;1668477353729071459;8
3306;1668477353864209405;7
3307;1668477353993522617;8
3308;1668477354136146401;10
3309;1668477354239445147;7
3310;1668477354367398433;10
3311;1668477354470497593;8
3312;1668477354597680320;10
3313;1668477354758271437;8
3314;1668477354860679290;6
3315;1668477354962034915;10
3316;1668477355063269170;10
3317;1668477355164658020;10
3318;1668477355266069422;10
3319;1668477355367351089;10
3320;1668477355476894912;10
3321;1668477355610040356;9
3322;1668477355714201054;8
3323;1668477355848940142;10
3324;1668477355949361332;7
3325;1668477356052174138;10
3326;1668477356176452582;10
3327;1668477356280342443;8
3328;1668477356382802339;10
3329;1668477356536240565;7
3330;1668477356637079778;10
3331;1668477356765345192;10
3332;1668477356871801965;8
3333;1668477357028345483;9
3334;1668477357134389143;6
3335;1668477357235273495;10
3336;1668477357380738156;7
3337;1668477357535092774;9
3338;1668477357642250448;7
3339;1668477357743199304;9
3340;1668477357844015162;10
3341;1668477357982431739;7
3342;1668477358088191160;10
3343;1668477358311381091;10
3344;1668477358504500634;4
3345;1668477358605714070;5
3346;1668477358711520578;10
3347;1668477358838424104;9
3348;1668477358943574224;8
3349;1668477359090474178;10
3350;1668477359192685295;7
3351;1668477359327704012;10
3352;1668477359433245244;7
3353;1668477359571337407;9
3354;1668477359676758691;7
3355;1668477359816178246;10
3356;1668477359917257353;7
3357;1668477360053039038;10
3358;1668477360155555306;8
3359;1668477360258937759;10
3360;1668477360485193210;7
3361;1668477360625703562;6
3362;1668477360737055202;7
3363;1668477360854648223;9
3364;1668477360961047647;9
3365;1668477361110473086;7
3366;1668477361212905220;10
3367;1668477361358039727;7
3368;1668477361483469936;10
3369;1668477361589893957;8
3370;1668477361690421156;10
3371;1668477361834140070;7
3372;1668477361939922574;10
3373;1668477362081110526;9
3374;1668477362185559629;7
3375;1668477362319106489;10
3376;1668477362419945727;7
3377;1668477362520202970;10
3378;1668477362650478816;8
3379;1668477362803189623;10
3380;1668477362942263150;6
3381;1668477363043987419;7
3382;1668477363147692036;10
3383;1668477363283327471;10
3384;1668477363397216682;7
3385;1668477363535512049;8
3386;1668477363644897483;7
3387;1668477363789756967;9
3388;1668477363900199386;7
3389;1668477364001525935;10
3390;1668477364160180609;6
3391;1668477364282326863;10
3392;1668477364412602792;8
3393;1668477364518420262;8
3394;1668477364622471612;10
3395;1668477364767846037;7
3396;1668477364900074655;10
3397;1668477365005549790;8
3398;1668477365134681985;8
3399;1668477365237720507;10
3400;1668477365342006251;10
3401;1668477365465343392;9
3402;1668477365568060956;8
3403;1668477365711292413;9
3404;1668477365832075368;7
3405;1668477365970199518;9
3406;1668477366081852112;7
3407;1668477366219883817;9
3408;1668477366321475501;7
3409;1668477366424526290;10
3410;1668477366570727267;7
3411;1668477366703024247;10
3412;1668477366808310045;8
3413;1668477366917140009;9
3414;1668477367019625197;9
3415;1668477367158346508;10
3416;1668477367264188328;7
3417;1668477367405658867;9
3418;1668477367511946558;7
3419;1668477367647179642;9
3420;1668477367753581558;7
3421;1668477367910459236;9
3422;1668477368015463085;6
3423;1668477368167575040;9
3424;1668477368277438752;7
3425;1668477368412228218;7
3426;1668477368515857770;10
3427;1668477368663716856;10
3428;1668477368771851409;7
3429;1668477368872461415;9
3430;1668477369008343887;7
3431;1668477369227755722;10
3432;1668477369531673493;5
3433;1668477369675464437;3
3434;1668477369781465008;7
3435;1668477369922027898;9
3436;1668477370025327947;7
3437;1668477370170920373;10
3438;1668477370272728767;7
3439;1668477370433330434;10
3440;1668477370535675406;6
3441;1668477370651870730;9
3442;1668477370781478158;9
3443;1668477370885705826;8
3444;1668477370987641214;10
3445;1668477371123810686;10
3446;1668477371226833746;7
3447;1668477371368002914;10
3448;1668477371530867126;7
3449;1668477371632668899;6
3450;1668477371764617017;10
3451;1668477371868549108;8
3452;1668477372009372433;7
3453;1668477372113834972;9
3454;1668477372269849694;7
3455;1668477372409013637;9
3456;1668477372513681386;7
3457;1668477372638203176;10
3458;1668477372746865965;8
3459;1668477372897288647;9
3460;1668477373002861654;7
3461;1668477373127113641;9
3462;1668477373248034097;7
3463;1668477373397410597;9
3464;1668477373508457243;7
3465;1668477373651331609;9
3466;1668477373760470436;7
3467;1668477373868322187;9
3468;1668477374020137403;6
3469;1668477374205231892;10
3470;1668477374334872378;5
3471;1668477374438753534;8
3472;1668477374571773825;10
3473;1668477374721000306;7
3474;1668477374838812701;7
3475;1668477374979627325;8
3476;1668477375135699452;7
3477;1668477375238739511;6
3478;1668477375342175823;10
3479;1668477375473859955;8
3480;1668477375617868500;10
3481;1668477375723353671;7
3482;1668477375856534407;10
3483;1668477375960824987;8
3484;1668477376090621982;9
3485;1668477376195111543;8
3486;1668477376297624406;10
3487;1668477376696233699;10
3488;1668477376815892919;3
3489;1668477376954427999;8
3490;1668477377107019107;7
3491;1668477377234102138;6
3492;1668477377337675403;8
3493;1668477377493436983;7
3494;1668477377603300436;8
3495;1668477377752231781;7
3496;1668477377876179103;9
3497;1668477377980665106;8
3498;1668477378087788732;9
3499;1668477378249922903;6
3500;1668477378350683608;10
3501;1668477378484084722;8
3502;1668477378639218696;9
3503;1668477378740692299;7
3504;1668477378847301925;10
3505;1668477379002063575;7
3506;1668477379159422771;9
3507;1668477379268483123;6
3508;1668477379372332549;10
3509;1668477379496866913;9
3510;1668477379601815057;8
3511;1668477379746545603;9
3512;1668477379847652967;7
3513;1668477379955004102;10
3514;1668477380085985749;9
3515;1668477380190119728;8
3516;1668477380330029097;7
3517;1668477380525837980;10
3518;1668477380666172085;5
3519;1668477380772877112;7
3520;1668477380915235628;7
3521;1668477381016928230;10
3522;1668477381119623183;10
3523;1668477381259162389;7
3524;1668477381400083352;9
3525;1668477381511134315;7
3526;1668477381660337790;9
3527;1668477381763985904;7
3528;1668477381881677401;10
3529;1668477381984353247;9
3530;1668477382088699013;10
3531;1668477382223948431;10
3532;1668477382331187146;7
3533;1668477382458427220;9
3534;1668477382571742533;8
3535;1668477382726357693;6
3536;1668477382826867610;10
3537;1668477382955291175;10
3538;1668477383059094750;8
3539;1668477383219942843;10
3540;1668477383326477165;6
3541;1668477383453386813;10
3542;1668477383557683388;8
3543;1668477383688235793;9
3544;1668477383791196067;8
3545;1668477383897105635;9
3546;1668477384038174627;9
3547;1668477384144271685;7
3548;1668477384300970586;9
3549;1668477384408356243;6
3550;1668477384549040988;7
3551;1668477384673036662;10
3552;1668477384777725824;8
3553;1668477384881274488;10
3554;1668477385036553271;6
3555;1668477385166480346;10
3556;1668477385268769379;8
3557;1668477385388070074;10
3558;1668477385491053518;8
3559;1668477385597267118;10
3560;1668477385726685029;9
3561;1668477385826946423;8
3562;1668477385936069132;10
3563;1668477386068892970;9
3564;1668477386179244796;8
3565;1668477386302383267;9
3566;1668477386408464869;8
3567;1668477386756724865;9
3568;1668477386902462893;3
3569;1668477387033355317;10
3570;1668477387137351727;8
3571;1668477387240215123;10
3572;1668477387350478186;10
3573;1668477387452402181;9
3574;1668477387555677141;10
3575;1668477387695558070;10
3576;1668477387805925033;7
3577;1668477387932684854;9
3578;1668477388038350513;8
3579;1668477388166642459;9
3580;1668477388274285199;8
3581;1668477388380689690;9
3582;1668477388504213165;10
3583;1668477388610090280;8
3584;1668477388746126745;9
3585;1668477388850579101;7
3586;1668477388981090269;10
3587;1668477389124760321;8
3588;1668477389229934466;7
3589;1668477389354456923;9
3590;1668477389458880284;8
3591;1668477389561839030;10
3592;1668477389678992815;10
3593;1668477389781386657;9
3594;1668477389907607697;10
3595;1668477390012677793;8
3596;1668477390117934028;10
3597;1668477390226862844;9
3598;1668477390327617999;9
3599;1668477390439415190;10
